-- MySQL dump 10.13  Distrib 8.0.33, for Win64 (x86_64)
--
-- Host: 127.0.0.1    Database: bmn_db
-- ------------------------------------------------------
-- Server version	8.0.33

/*!40101 SET @OLD_CHARACTER_SET_CLIENT=@@CHARACTER_SET_CLIENT */;
/*!40101 SET @OLD_CHARACTER_SET_RESULTS=@@CHARACTER_SET_RESULTS */;
/*!40101 SET @OLD_COLLATION_CONNECTION=@@COLLATION_CONNECTION */;
/*!50503 SET NAMES utf8 */;
/*!40103 SET @OLD_TIME_ZONE=@@TIME_ZONE */;
/*!40103 SET TIME_ZONE='+00:00' */;
/*!40014 SET @OLD_UNIQUE_CHECKS=@@UNIQUE_CHECKS, UNIQUE_CHECKS=0 */;
/*!40014 SET @OLD_FOREIGN_KEY_CHECKS=@@FOREIGN_KEY_CHECKS, FOREIGN_KEY_CHECKS=0 */;
/*!40101 SET @OLD_SQL_MODE=@@SQL_MODE, SQL_MODE='NO_AUTO_VALUE_ON_ZERO' */;
/*!40111 SET @OLD_SQL_NOTES=@@SQL_NOTES, SQL_NOTES=0 */;

--
-- Table structure for table `ceo_category`
--

DROP TABLE IF EXISTS `ceo_category`;
/*!40101 SET @saved_cs_client     = @@character_set_client */;
/*!50503 SET character_set_client = utf8mb4 */;
CREATE TABLE `ceo_category` (
  `ceo_idx` int NOT NULL,
  `category_yang` int DEFAULT NULL,
  `category_han` int DEFAULT NULL,
  `category_jung` int DEFAULT NULL,
  `category_il` int DEFAULT NULL,
  `category_jujeom` int DEFAULT NULL,
  `category_pick` varchar(45) DEFAULT NULL,
  PRIMARY KEY (`ceo_idx`)
) ENGINE=InnoDB DEFAULT CHARSET=utf8mb4 COLLATE=utf8mb4_0900_ai_ci;
/*!40101 SET character_set_client = @saved_cs_client */;

--
-- Dumping data for table `ceo_category`
--

LOCK TABLES `ceo_category` WRITE;
/*!40000 ALTER TABLE `ceo_category` DISABLE KEYS */;
/*!40000 ALTER TABLE `ceo_category` ENABLE KEYS */;
UNLOCK TABLES;

--
-- Table structure for table `ceo_tp`
--

DROP TABLE IF EXISTS `ceo_tp`;
/*!40101 SET @saved_cs_client     = @@character_set_client */;
/*!50503 SET character_set_client = utf8mb4 */;
CREATE TABLE `ceo_tp` (
  `ceo_idx` int NOT NULL AUTO_INCREMENT,
  `ceo_id` varchar(45) DEFAULT NULL,
  `ceo_pw` varchar(100) DEFAULT NULL,
  `ceo_name` varchar(45) DEFAULT NULL,
  `ceo_store` varchar(45) DEFAULT NULL,
  `ceo_main_menu` varchar(45) DEFAULT NULL,
  `ceo_detail_menu1` varchar(45) DEFAULT NULL,
  `ceo_menu_img1` varchar(200) DEFAULT NULL,
  `ceo_detail_menu2` varchar(45) DEFAULT NULL,
  `ceo_menu_img2` varchar(200) DEFAULT NULL,
  `ceo_detail_menu3` varchar(45) DEFAULT NULL,
  `ceo_menu_img3` varchar(200) DEFAULT NULL,
  `ceo_detail_menu4` varchar(45) DEFAULT NULL,
  `ceo_menu_img4` varchar(200) DEFAULT NULL,
  `ceo_detail_menu5` varchar(45) DEFAULT NULL,
  `ceo_menu_img5` varchar(200) DEFAULT NULL,
  `ceo_detail_menu6` varchar(45) DEFAULT NULL,
  `ceo_menu_img6` varchar(200) DEFAULT NULL,
  `ceo_open_time` varchar(45) DEFAULT NULL,
  `ceo_closing_time` varchar(45) DEFAULT NULL,
  `ceo_city_address` varchar(45) DEFAULT NULL,
  `ceo_full_address` varchar(100) DEFAULT NULL,
  `ceo_call_number` varchar(45) DEFAULT NULL,
  `ceo_contents` varchar(2000) DEFAULT NULL,
  `ceo_category` varchar(200) DEFAULT NULL,
  `ceo_thumbnail_img` varchar(200) DEFAULT NULL,
  `ceo_main_img` varchar(200) DEFAULT NULL,
  `ceo_score` double DEFAULT '0',
  `ceo_lat` double DEFAULT NULL COMMENT '위도',
  `ceo_lon` double DEFAULT NULL COMMENT '경도',
  `ceo_grade` int DEFAULT '1',
  `ceo_follow_cnt` int NOT NULL DEFAULT '0',
  `ceo_follow_customer_nick` varchar(300) NOT NULL DEFAULT '',
  PRIMARY KEY (`ceo_idx`)
) ENGINE=InnoDB AUTO_INCREMENT=610 DEFAULT CHARSET=utf8mb4 COLLATE=utf8mb4_0900_ai_ci;
/*!40101 SET character_set_client = @saved_cs_client */;

--
-- Dumping data for table `ceo_tp`
--

LOCK TABLES `ceo_tp` WRITE;
/*!40000 ALTER TABLE `ceo_tp` DISABLE KEYS */;
INSERT INTO `ceo_tp` VALUES (584,'simceo1','1234','심사장','팔선생','짜장면(6,000원)','짜장면(7,000원)','C:/smart505/bmn_project_setting/src/main/resources/static/images/2023-07-12/2269356361114200.jpg','통오징어쟁반짜장면(8,000원)','C:/smart505/bmn_project_setting/src/main/resources/static/images/2023-07-12/2269356361641300.jpg','짬뽕(7,000원)','C:/smart505/bmn_project_setting/src/main/resources/static/images/2023-07-12/2269356362141300.jpg','볶음밥(7,000원)','C:/smart505/bmn_project_setting/src/main/resources/static/images/2023-07-12/2269356362650300.jpg','잡채밥(8,000원)','C:/smart505/bmn_project_setting/src/main/resources/static/images/2023-07-12/2269356363156700.jpg','탕수육(12,000원)','C:/smart505/bmn_project_setting/src/main/resources/static/images/2023-07-12/2269356363701300.jpg','12:00','20:00','부산진구','부산광역시 부산진구 중앙대로702번길 17, 3층 (부전동)','070-8452-1478','<span style=\"font-size: 36pt;\"><span style=\"font-size: 24pt;\">중국집 입니다^_^</span><span style=\"font-size: 24pt;\">﻿</span></span>','03','C:/smart505/bmn_project_setting/src/main/resources/static/images/2023-07-12/2269356360525200.jpg','C:/smart505/bmn_project_setting/src/main/resources/static/images/2023-07-12/2269356359855000.jpg',4.6,35.155466,129.06014,3,5,'sim6,sim1,bae4,bae5,심손님3,밥도,'),(585,'baeceo1','1234','배사장6','정을담다','한양 소불고기 정식(14,000원)','남도 보쌈정식(12,000원)','C:/smart505/bmn_project_setting/src/main/resources/static/images/2023-07-12/23051057377100.png','정담 스페셜 메뉴B(22,000원)','C:/smart505/bmn_project_setting/src/main/resources/static/images/2023-07-12/23051059069000.jpg','정담 스페셜 메뉴A(27,000원)','C:/smart505/bmn_project_setting/src/main/resources/static/images/2023-07-12/23051060075300.png','민물장어정식(19,000원)','C:/smart505/bmn_project_setting/src/main/resources/static/images/2023-07-12/23051060909000.png','버섯 갈비찜 정식(18,000원)','C:/smart505/bmn_project_setting/src/main/resources/static/images/2023-07-12/23051061437300.png','꽃게장 정식(16,000원)','C:/smart505/bmn_project_setting/src/main/resources/static/images/2023-07-12/23051061954700.png','09:00','21:00','부산진구','부산광역시 부산진구 중앙대로692번길 38 (부전동)','051-808-4004','<p><strong class=\"Aus_8\" style=\"float: left; margin-right: 10px;\"><span class=\"place_blind\" style=\"overflow: hidden; position: absolute; width: 1px; height: 1px; margin: -1px; padding: 0px; border: 0px; clip: rect(0px, 0px, 0px, 0px);\">설명</span></strong></p><div class=\"vV_z_\" style=\"overflow: hidden; font-size: 1.5rem; color: rgba(var(--place-color-text3), 1); line-height: 2.2rem;\"><a href=\"https://pcmap.place.naver.com/restaurant/31064824/home?from=map&amp;fromPanelNum=1&amp;ts=1689142621814#\" target=\"_self\" role=\"button\" aria-expanded=\"true\" class=\"xHaT3\" style=\"text-decoration-line: none; -webkit-tap-highlight-color: rgba(0, 0, 0, 0.1); cursor: pointer; display: block;\"><span class=\"zPfVt\" style=\"white-space-collapse: preserve-breaks; word-break: break-all;\">건강한 밥상 !! 집에서 드시는 것처럼 맛과 건강\r\n푸짐함과 다양한 찬이 나오는 정을담다 입니다.\r\n\r\n1인1 찌게와 1인분씩 주문이 가능합니다\r\n생일상 준비하기 번거롭고 힘들때 정을담다로\r\n미리 예약시 정성껏끓인 미역국과 함께 생일상을 준비해 드립니다\r\n\r\n귀하게 한식으로 부담스럽지 않게 대접하고 싶을때\r\n정을담다로 예약해주세요\r\n\r\n정을담다는 한끼의 밥상에 정성을 담아서 준비합니다\r\n좋은재료는 기본이고 위생적이면서 맛있습니다.\r\n\r\n술안주도 다양해서 술모임때도 방문해주세요\r\n배달,테이크아웃도 가능합니다</span></a></div>','01','C:/smart505/bmn_project_setting/src/main/resources/static/images/2023-07-12/23051056850500.jpg','C:/smart505/bmn_project_setting/src/main/resources/static/images/2023-07-12/23051056188400.png',2.7,35.154203,129.061284,3,4,'bae1,sim1,sim2,밥도,'),(586,'baeceo2','1234','배상원7','하가원 해운대점','콩국수(11,000원)','수제비(9,000원)','C:/smart505/bmn_project_setting/src/main/resources/static/images/2023-07-12/22568746168000.jpg','돌판비빔밥(11,000원)','C:/smart505/bmn_project_setting/src/main/resources/static/images/2023-07-12/22568746794300.jpg','해물파전(15,000원)','C:/smart505/bmn_project_setting/src/main/resources/static/images/2023-07-12/22568747376100.jpg','왕만두(4,000원)','C:/smart505/bmn_project_setting/src/main/resources/static/images/2023-07-12/22568747989700.jpg','',NULL,'',NULL,'10:00','21:00','해운대구','부산광역시 해운대구 좌동로91번길 28 (좌동)','051-702-5511','<p>진하고 걸쭉한 콩국수가 유명한 한식당이니다. 강원도에서 직접 키운 국내 콩을 사용하며, 콩국수 위에 고명이 올라가지 않는 것이 특징이지요. 콩국만 따로 포장 가능하며, 넓은 돌판에 푸짐하게 나오는 돌판 비빔밥과 수제비도 인기 있습니다.</p>','01','C:/smart505/bmn_project_setting/src/main/resources/static/images/2023-07-12/13165590709123123.jpg','C:/smart505/bmn_project_setting/src/main/resources/static/images/2023-07-12/22568745435500.jpg',4.1,35.173399,129.174267,3,2,'bae4,sim1,sim2,'),(587,'baeceo3','1234','배상원8','달인막창 해운대 본점','한우막창 구이(12,000원)','한우대창 구이(12,000원)','C:/smart505/bmn_project_setting/src/main/resources/static/images/2023-07-12/22645915310700.jpg','모듬구이(중)','C:/smart505/bmn_project_setting/src/main/resources/static/images/2023-07-12/22645915938100.jpg','달인막창 2인 세트(60,000원)','C:/smart505/bmn_project_setting/src/main/resources/static/images/2023-07-12/22645916510100.jpg','한우곱창 구이(15,000원)','C:/smart505/bmn_project_setting/src/main/resources/static/images/2023-07-12/22645917142400.jpg','한우염통 구이','C:/smart505/bmn_project_setting/src/main/resources/static/images/2023-07-12/22645917678600.jpg','한우곱창전골(30,000원)','C:/smart505/bmn_project_setting/src/main/resources/static/images/2023-07-12/22645918171200.jpg','16:00','01:30','해운대구','부산광역시 해운대구 중동1로19번길 13, 달인막창 (중동)','0507-1337-7792','<p><b>해운대에서 제일 맛있는 해운대 곱창 맛집</b></p><p>​안녕하세요:) 해운대&nbsp; 맛집 달인막창 해운대 본점입니다.<br></p><p><br></p><p>해운대역 맛집 달인막창 해운대 본점은 최상의 곱창 맛을 찾기 위해 수년간 전국을 돌며 곱창 맛집들을 분석하였던 시절이 있었습니다. 그러한 연구를 바탕으로 냄새 없고 고소함이 가득한 곱창, 막창, 대창 등의 요리를 만들기 위해 수천 번의 연구 끝에 만들어진 메뉴들을 선보이고 있습니다.</p><p><br></p><p><span style=\"background-color: rgb(119, 119, 119);\">​</span><span style=\"background-color: rgb(119, 119, 119);\">﻿</span><span style=\"background-color: rgb(119, 119, 119);\">달인막창이 드리는 3가지 약속</span></p><p>1. 최상급의 한우 곱창, 막창, 대창, 염통 만을 사용합니다.</p><p>2. 맛 에 대한 자부심</p><p>3. 고객님들을 위한 레트로 식당</p><p><br></p><p>항상 변화하고 귀 기울이는 달인막창 해운대 본점이 되겠습니다.</p><p>감사합니다.</p>','01','C:/smart505/bmn_project_setting/src/main/resources/static/images/2023-07-12/22645914701800.jpg','C:/smart505/bmn_project_setting/src/main/resources/static/images/2023-07-12/22645913923700.jpg',4.2,35.163669,129.162414,3,6,'bae1,bae3,bae2,sim2,심손님3,심틀,'),(588,'baeceo4','1234','배상원9','태종대 욜로조개구이','조개구이중(60,000원)','평일런치2인(50,000원)','C:/smart505/bmn_project_setting/src/main/resources/static/images/2023-07-12/22750386340300.jpg','조개구이소(50,000원)','C:/smart505/bmn_project_setting/src/main/resources/static/images/2023-07-12/22750386906800.jpg','조개구이대(70,000원)','C:/smart505/bmn_project_setting/src/main/resources/static/images/2023-07-12/22750387420800.jpg','장어구이소(50,000원)','C:/smart505/bmn_project_setting/src/main/resources/static/images/2023-07-12/22750387985700.jpg','해물모듬소(50,000원)','C:/smart505/bmn_project_setting/src/main/resources/static/images/2023-07-12/22750388645600.jpg','새우구이(20,000원)','C:/smart505/bmn_project_setting/src/main/resources/static/images/2023-07-12/22750389139200.jpg','12:00','23:00','영도구','부산광역시 영도구 감지길87번길 21, 욜로조개구이 (동삼동)','0507-1411-7237','<p>주는 장사가 남는 장사다!! 싱싱하고 푸짐하게 드리겠습니다. 저희가게는 항상 살아있는 조개만을 취급합니다.</p><p>싱싱함은 욜로만의 자부심입니다.</p><p>「주차가능」<br></p>','01','C:/smart505/bmn_project_setting/src/main/resources/static/images/2023-07-12/22750385603900.jpg','C:/smart505/bmn_project_setting/src/main/resources/static/images/2023-07-12/22750384432400.jpg',4.2,35.061421,129.07684,3,3,'bae1,bae2,bae3,'),(589,'baeceo5','1234','배상원10','명지 소고기집 박군네','2인세트(44,000원)','3인세트(65,000원)','C:/smart505/bmn_project_setting/src/main/resources/static/images/2023-07-12/22821318257400.jpg','4인세트(85,000원)','C:/smart505/bmn_project_setting/src/main/resources/static/images/2023-07-12/22821318816200.jpg','육회(15,000원)','C:/smart505/bmn_project_setting/src/main/resources/static/images/2023-07-12/22821319371000.jpg','냉면(5,000원)','C:/smart505/bmn_project_setting/src/main/resources/static/images/2023-07-12/22821319921000.jpg','소고기된장찌개(3,000원)','C:/smart505/bmn_project_setting/src/main/resources/static/images/2023-07-12/22821320471100.jpg','소고기된장국밥(6,000원)','C:/smart505/bmn_project_setting/src/main/resources/static/images/2023-07-12/22821321002300.jpg','11:30','23:00','중구','부산광역시 중구 대청로99번길 3, 6통1반 (대청동2가)','051-201-2741','<p>저희 소고기집 박군에서는 전세계 유명 호텔 레스토랑에서 최고급 스테이크용으로 사용되는 30개월 미만의 미국산 Black Angus Beef중 최상 등급의 PRIME, CAB 등급만을 사용하여 가장 맛있는 특수부위와 최상의 서비스만을 제공하겠습니다.<br></p><p><br></p><p>세트메뉴 부위 : 꽃갈비살, 살치살, 등심, 토시살, 부채살</p>','01','C:/smart505/bmn_project_setting/src/main/resources/static/images/2023-07-12/22821317682200.jpg','C:/smart505/bmn_project_setting/src/main/resources/static/images/2023-07-12/22821316929800.jpg',4.5,35.103168,129.030734,3,4,'bae2,bae4,sim1,sim2,닉네임,'),(590,'simceo2','1234','심사장2','제따반점 서면점','짜장면(7,000원)','짬뽕(7,000원)','C:/smart505/bmn_project_setting/src/main/resources/static/images/2023-07-12/866497499655300.jpg','차돌짬뽕(8,000원)','C:/smart505/bmn_project_setting/src/main/resources/static/images/2023-07-12/866497500110200.jpg','콩나물짬뽕(8,000원)','C:/smart505/bmn_project_setting/src/main/resources/static/images/2023-07-12/866497500564600.jpg','교자튀김 만두(5,000원)','C:/smart505/bmn_project_setting/src/main/resources/static/images/2023-07-12/866497501022500.jpg','탕수육(12,000원)','C:/smart505/bmn_project_setting/src/main/resources/static/images/2023-07-12/866497501540900.jpg','',NULL,'10:00','22:00','부산진구','부산광역시 부산진구 중앙대로702번길 17, 3층 (부전동)','051-409-1234','<div class=\"oiDtW\" style=\"font-size: 1.5rem; color: rgba(var(--place-color-text3), 1); line-height: 2.4rem;\"><div class=\"oiDtW\" style=\"font-size: 1.5rem; color: rgba(var(--place-color-text3), 1); line-height: 2.4rem; font-family: -apple-system, BlinkMacSystemFont, helvetica, &quot;Apple SD Gothic Neo&quot;, sans-serif; letter-spacing: -0.3px; background-color: rgb(255, 255, 255);\"><strong>알림</strong>&nbsp;3층 제따반점 신규 OPEN</div><div class=\"Qpr2E\" style=\"color: rgba(var(--place-color-text4), 1); line-height: 2.4rem; margin-top: 3px; font-family: -apple-system, BlinkMacSystemFont, helvetica, &quot;Apple SD Gothic Neo&quot;, sans-serif; font-size: 16px; letter-spacing: -0.3px; background-color: rgb(255, 255, 255);\"><div class=\"xHaT3\" aria-expanded=\"true\" style=\"color: inherit;\"><span class=\"zPfVt\" style=\"white-space-collapse: preserve-breaks; word-break: break-all;\">2층은 제따라멘\r\n3층은 제따반점\r\n으로 제따반점 신규 오픈 하였습니다 ^^\r\n\r\n짜장면 2900원~\r\n짬 뽐 5900원~\r\n\r\n어려운 시기에 많은분들에게 행복을 드릴수 있는 가격과 맛으로 준비했습니다\r\n많은 관심 부탁드립니다 ^___________^</span></div></div></div>','03','C:/smart505/bmn_project_setting/src/main/resources/static/images/2023-07-12/866497498873300.jpg','C:/smart505/bmn_project_setting/src/main/resources/static/images/2023-07-12/866497498178700.jpg',4.5,35.155466,129.06014,3,4,'bae3,bae4,bae5,심손님3,'),(591,'leeceo1','1234','이지원1','해쉬','새우샐러드스파게티(13,500원)','소이목살스파게티(14,500원)','C:/smart505/bmn_project_setting/src/main/resources/static/images/2023-07-13/1337280147139200.jpg','토마토새우스파게티(14,500원)','C:/smart505/bmn_project_setting/src/main/resources/static/images/2023-07-13/1337280148030200.jpg','크림새우스파게티(14,500원)','C:/smart505/bmn_project_setting/src/main/resources/static/images/2023-07-13/1337280148770300.jpg','크림베이컨리조또(14,500원)','C:/smart505/bmn_project_setting/src/main/resources/static/images/2023-07-13/1337280149555900.jpg','',NULL,'',NULL,'11:00','21:00','부산진구','부산광역시 부산진구 전포대로199번길 43 (전포동)','010-3122-0469','<p>저희 매장은 브레이크 타임 없이 운영중입니다.&nbsp;</p><p>주차장은 없습니다.</p><p>근처 유료 주차장 이용 부탁드립니다.</p><p><span style=\"font-size: 11pt;\"><b>찾아오시는 길은 웅진, 태양 주차장 검색하시면 편하십니다.</b></span></p><p><br></p><p><br></p>','04','C:/smart505/bmn_project_setting/src/main/resources/static/images/2023-07-13/1337280146173800.jpg','C:/smart505/bmn_project_setting/src/main/resources/static/images/2023-07-13/1337280145079400.jpg',4.7,35.154283,129.062852,3,2,'par2,sim2,'),(592,'leeceo2','1234','이지원2','Funky clover','Butter chicken steak(19,000원)','Lagu lasagna(19,000원)','C:/smart505/bmn_project_setting/src/main/resources/static/images/2023-07-12/1300097116997900.jpg','Pepperoni c.k burger(10,800원)','C:/smart505/bmn_project_setting/src/main/resources/static/images/2023-07-12/1300097118185400.jpg','U.S Chicken burger(9,800원)','C:/smart505/bmn_project_setting/src/main/resources/static/images/2023-07-12/1300097119283000.jpg','Toowoomba pasta(18,000원)','C:/smart505/bmn_project_setting/src/main/resources/static/images/2023-07-12/1300097120311100.jpg','Bacon cream pasta(15,000원)','C:/smart505/bmn_project_setting/src/main/resources/static/images/2023-07-12/1300097121325900.jpg','Basil shrimp ricotta(17,000원)','C:/smart505/bmn_project_setting/src/main/resources/static/images/2023-07-12/1300097122321400.jpg','14:00','24:00','부산진구','부산광역시 부산진구 서전로58번길 33 (전포동)','0507-1375-7221','<p><span style=\"color: rgb(66, 66, 66); font-family: 굴림, Gulim; font-size: 15px; letter-spacing: -0.3px; background-color: rgb(255, 255, 255);\"><b>전포동 위치한 아메리칸 음식점입니다.</b></span>&nbsp;</p>','04','C:/smart505/bmn_project_setting/src/main/resources/static/images/2023-07-12/1300097115279200.jpg','C:/smart505/bmn_project_setting/src/main/resources/static/images/2023-07-12/1300097112052900.jpg',4,35.156236,129.066231,3,2,'bae6,sim1,심틀,'),(593,'leeceo3','1234','이지원3','스테디어','수비드 삼겹살(19,000원)','굴라쉬(18,000월)','C:/smart505/bmn_project_setting/src/main/resources/static/images/2023-07-12/1300520273137700.jpg','참외 샐러드(14,000원)','C:/smart505/bmn_project_setting/src/main/resources/static/images/2023-07-12/1300520274703000.jpg','돈나물 오일 스파게티(16,000원)','C:/smart505/bmn_project_setting/src/main/resources/static/images/2023-07-12/1300520276347200.jpg','화이트 라구 카펠리니(18,000원)','C:/smart505/bmn_project_setting/src/main/resources/static/images/2023-07-12/1300520277658600.jpg','봉골레 카펠리니(18,000우원)','C:/smart505/bmn_project_setting/src/main/resources/static/images/2023-07-12/1300520278791300.jpg','',NULL,'11:30','21:00','부산진구','부산광역시 부산진구 동성로25번길 23 (전포동)','010-8815-3948','<p>얼룩에서 진행하는 두번째 프로젝트 스테디어는 맛있는 파스타와 샐러드</p><p>그리고 가성비 좋은 와인과 맥주를 함께 풍족한 한끼를 즐기실 수 있는 즐거운 공간입니다.</p><p><br></p><p>시즌마다 새로워질 음식들과 늘 친절한 서비스로 이루어진 이 공간은</p><p>전포동에서의 즐거운 한끼 속에 떠오를 수 있도록 최선을 다하겠습니다. 감사합니다.</p>','04','C:/smart505/bmn_project_setting/src/main/resources/static/images/2023-07-12/1300520271496200.jpg','C:/smart505/bmn_project_setting/src/main/resources/static/images/2023-07-12/1300520269163900.jpg',2.8,35.152638,129.067069,3,0,'심손님3,'),(594,'leeceo4','1234','이지원4','스테레오타입 오브 부산','비스큐크림파스타(18,000원)','봉골레오일파스타(15,000원)','C:/smart505/bmn_project_setting/src/main/resources/static/images/2023-07-12/1301201508441100.jpg','새우오일바질페스토파스타(17,000원)','C:/smart505/bmn_project_setting/src/main/resources/static/images/2023-07-12/1301201509529200.jpg','토마토오일파스타(16,500원)','C:/smart505/bmn_project_setting/src/main/resources/static/images/2023-07-12/1301201510605100.jpg','라구소스파스타(16,000원)','C:/smart505/bmn_project_setting/src/main/resources/static/images/2023-07-12/1301201511583200.jpg','',NULL,'',NULL,'11:30','21:00','부산진구','부산광역시 부산진구 서전로46번길 64 (전포동)','0507-1424-5678','<p><span style=\"color: rgb(66, 66, 66); font-family: 궁서, Gungsuh, GungSeo; font-size: 14pt; letter-spacing: -0.3px; background-color: rgb(255, 255, 255);\"><b>테레오타입 오브 부산은 부산의 캐쥬얼하고 경쾌한 분위기의&nbsp;</b></span></p><p><span style=\"color: rgb(66, 66, 66); font-family: 궁서, Gungsuh, GungSeo; font-size: 14pt; letter-spacing: -0.3px; background-color: rgb(255, 255, 255);\"><b>따뜻하고 아늑한 공간입니다.</b></span>&nbsp;</p>','04','C:/smart505/bmn_project_setting/src/main/resources/static/images/2023-07-12/1301201507038700.jpg','C:/smart505/bmn_project_setting/src/main/resources/static/images/2023-07-12/1301201504987800.jpg',3.9,35.154851,129.064701,3,3,'par3,parF,밥도,'),(595,'leeceo5','1234','이지원5','프맄','스테이크(44,000원)','명란, 타야린(20,000원)','C:/smart505/bmn_project_setting/src/main/resources/static/images/2023-07-12/1303964268657100.jpg','봉골레(20,000원)','C:/smart505/bmn_project_setting/src/main/resources/static/images/2023-07-12/1303964269910300.jpg','프로슈토, 루꼴라 피자(23,000원)','C:/smart505/bmn_project_setting/src/main/resources/static/images/2023-07-12/1303964271307700.jpg','토마토, 루꼴라, 모짜렐라(15,000원)','C:/smart505/bmn_project_setting/src/main/resources/static/images/2023-07-12/1303964272682400.jpg','아미트리치아나(20,000원)','C:/smart505/bmn_project_setting/src/main/resources/static/images/2023-07-12/1303964273817100.jpg','카치오 에 페페(17,000원)','C:/smart505/bmn_project_setting/src/main/resources/static/images/2023-07-12/1303964275088700.jpg','12:00','22:00','부산진구','부산광역시 부산진구 서전로38번길 35 (전포동)','0507-1332-6863','<div class=\"jO09N\" style=\"display: inline-flex; vertical-align: top; overflow: hidden; max-width: 100%; color: rgb(66, 66, 66); font-family: -apple-system, BlinkMacSystemFont, helvetica, &quot;Apple SD Gothic Neo&quot;, sans-serif; font-size: 15px; letter-spacing: -0.3px; background-color: rgb(255, 255, 255);\"><a href=\"http://app.catchtable.co.kr/ct/shop/freak\" target=\"_blank\" role=\"button\" class=\"CHmqa\" style=\"text-decoration-line: none; -webkit-tap-highlight-color: rgba(0, 0, 0, 0.1); cursor: pointer; display: block; overflow: hidden; text-overflow: ellipsis; text-wrap: nowrap;\">http://app.catchtable.co.kr/ct/shop/freak</a></div><div class=\"Cycl8\" style=\"margin-top: 2px; color: rgb(66, 66, 66); font-family: -apple-system, BlinkMacSystemFont, helvetica, &quot;Apple SD Gothic Neo&quot;, sans-serif; font-size: 15px; letter-spacing: -0.3px; background-color: rgb(255, 255, 255);\"><span class=\"S8peq\" style=\"display: inline-block; vertical-align: top; margin-right: 6px;\"><a href=\"http://www.instagram.com/freak_busan_\" target=\"_blank\" role=\"button\" class=\"place_bluelink iBUwB\" style=\"text-decoration-line: none; -webkit-tap-highlight-color: rgba(0, 0, 0, 0.1); cursor: pointer; display: inline-block; vertical-align: top;\">인스타그램</a></span></div>','04','C:/smart505/bmn_project_setting/src/main/resources/static/images/2023-07-12/1303964267249900.jpg','C:/smart505/bmn_project_setting/src/main/resources/static/images/2023-07-12/1303964264976000.jpg',4.4,35.156052,129.063982,3,2,'par2,심손님3,'),(596,'parkceo1','1234','박민성1','돈쇼우','히레카츠(11,500)','버크셔k로스카츠(14,000원)','C:/smart505/bmn_project_setting/src/main/resources/static/images/2023-07-12/1318364930559600.jpg','히레카츠(11,500원)','C:/smart505/bmn_project_setting/src/main/resources/static/images/2023-07-12/1318364931359400.jpg','로스카츠(11,000원)','C:/smart505/bmn_project_setting/src/main/resources/static/images/2023-07-12/1318364932011400.jpg','에비산도(10,500원)','C:/smart505/bmn_project_setting/src/main/resources/static/images/2023-07-12/1318364932707200.jpg','모둠카츠(14,000원)','C:/smart505/bmn_project_setting/src/main/resources/static/images/2023-07-12/1318364933392400.jpg','카츠산도(9,500원)','C:/smart505/bmn_project_setting/src/main/resources/static/images/2023-07-12/1318364934070300.jpg','11:30','21:30','금정구','부산광역시 금정구 금강로 247-10, 장전동 (장전동)','010-5685-5482','<p><span style=\"color: rgb(32, 33, 36); font-family: consolas, &quot;lucida console&quot;, &quot;courier new&quot;, monospace; white-space-collapse: preserve; background-color: rgb(255, 255, 255); font-size: 12pt;\"><b>톤쇼우 프리미엄카츠는 최상급 재료만을 선별해\r\n가장 맛있는 온도와 조리시간을 지켜 조리하여 육즙이 풍부하고\r\n일반돈육과는 다른 식감과 고소함을 가지고 있습니다.</b></span>&nbsp;</p>','02','C:/smart505/bmn_project_setting/src/main/resources/static/images/2023-07-12/1318364929538200.jpg','C:/smart505/bmn_project_setting/src/main/resources/static/images/2023-07-12/1318364928062000.jpg',5,35.230447,129.08427,3,5,'EZ2,sim2,심손님3,밥도,심틀,'),(597,'parkceo2','1234','박민성2','코하루','하카타 돈코츠 라멘(9,000원)','하카타 돈코츠 라멘(9,000원)','C:/smart505/bmn_project_setting/src/main/resources/static/images/2023-07-12/1319404074086700.jpg','매운 돈코츠 라멘(9,000원)','C:/smart505/bmn_project_setting/src/main/resources/static/images/2023-07-12/1319404074802400.jpg','토리 가라아게(7,000원)','C:/smart505/bmn_project_setting/src/main/resources/static/images/2023-07-12/1319404075407600.jpg','',NULL,'',NULL,'',NULL,'10:00','22:00','금정구','부산광역시 금정구 부산대학로38번길 16, 장전동 (장전동)','051-516-4392','<p><span style=\"color: rgb(102, 102, 102); font-family: -apple-system, BlinkMacSystemFont, helvetica, &quot;Apple SD Gothic Neo&quot;, sans-serif; font-size: 15px; letter-spacing: -0.3px; text-align: center; background-color: rgb(255, 255, 255);\"><b>부산대 밥집 진지한 일본라멘</b><span style=\"font-size: 12pt;\">﻿</span></span>&nbsp;</p>','02','C:/smart505/bmn_project_setting/src/main/resources/static/images/2023-07-12/1319404073042800.jpg','C:/smart505/bmn_project_setting/src/main/resources/static/images/2023-07-12/1319404070760700.jpg',0,35.231985,129.087444,3,2,'sim1,심손님3,밥도,'),(598,'simceo3','1234','심사장','차이홍','짜장면(7,000원)','짜장면(7,000원)','C:/smart505/bmn_project_setting/src/main/resources/static/images/2023-07-12/2270159776896400.jpg','삼선 간짜장면(8,000원)','C:/smart505/bmn_project_setting/src/main/resources/static/images/2023-07-12/2270159777826700.jpg','짬뽕(7,000원)','C:/smart505/bmn_project_setting/src/main/resources/static/images/2023-07-12/2270159778376900.jpg','게살볶음밥(9,000원)','C:/smart505/bmn_project_setting/src/main/resources/static/images/2023-07-12/2270159778930000.jpg','칠리 중새우(30,000원)','C:/smart505/bmn_project_setting/src/main/resources/static/images/2023-07-12/2270159779510900.jpg','팔보채(28,000원)','C:/smart505/bmn_project_setting/src/main/resources/static/images/2023-07-12/2270159780019900.jpg','11:00','19:00','영도구','부산광역시 영도구 웃서발로 80-7, 지하 1층 (동삼동)','0507-1338-8635','<p><span style=\"font-size: 18pt;\">안녕하세요 ~ 차이홍입니다.﻿</span>&nbsp;</p><p><br></p><p><span style=\"color: rgb(102, 102, 102); font-family: -apple-system, BlinkMacSystemFont, helvetica, &quot;Apple SD Gothic Neo&quot;, sans-serif; font-size: 16px; letter-spacing: -0.3px; background-color: rgb(255, 255, 255);\">2월부터 배달 가능합니다.&nbsp;</span></p><p><span style=\"color: rgb(102, 102, 102); font-family: -apple-system, BlinkMacSystemFont, helvetica, &quot;Apple SD Gothic Neo&quot;, sans-serif; font-size: 16px; letter-spacing: -0.3px; background-color: rgb(255, 255, 255);\">배달은 포장용기로 나갑니다.</span>&nbsp;</p>','03','C:/smart505/bmn_project_setting/src/main/resources/static/images/2023-07-12/2270159775059100.jpg','C:/smart505/bmn_project_setting/src/main/resources/static/images/2023-07-12/2270159771715100.jpg',0,35.078721,129.070714,3,3,'sim2,밥도,심틀,'),(599,'simceo4','1234','심중국','개화','유니짜장(6,000원)','삼선 간짜장(11,000원)','C:/smart505/bmn_project_setting/src/main/resources/static/images/2023-07-12/2272315221163900.jpg','삼선 짬뽕(11,000원)','C:/smart505/bmn_project_setting/src/main/resources/static/images/2023-07-12/2272315221881200.jpg','삼선 우동(11,000원)','C:/smart505/bmn_project_setting/src/main/resources/static/images/2023-07-12/2272315222603900.jpg','잡탕밥(23,000원)','C:/smart505/bmn_project_setting/src/main/resources/static/images/2023-07-12/2272315224313500.jpg','탕수육(28,000원)','C:/smart505/bmn_project_setting/src/main/resources/static/images/2023-07-12/2272315225991100.jpg','',NULL,'10:00','22:00','중구','부산광역시 중구 광복로 21 (부평동1가)','051-245-6205','<p><span style=\"font-family: -apple-system, BlinkMacSystemFont, helvetica, &quot;Apple SD Gothic Neo&quot;, sans-serif;\"><span style=\"font-size: 16px; letter-spacing: -0.3px; white-space: pre; background-color: rgb(233, 236, 239);\">원조격인 춘화루부터 지금의 개화까지<span style=\"font-size: 14pt;\"> </span><span style=\"font-size: 14pt; color: rgb(255, 0, 0);\">55년간 3대째 </span>이어져 내려오는 정통 중국인의 음식점입니다.&nbsp;</span></span></p><p><span style=\"font-family: -apple-system, BlinkMacSystemFont, helvetica, &quot;Apple SD Gothic Neo&quot;, sans-serif;\"><span style=\"font-size: 16px; letter-spacing: -0.3px; white-space: pre; background-color: rgb(233, 236, 239);\">워낙 손님이 많아 그냥 오시는 분들은 자리가 없어 그냥 가실수도 있으니 꼭 예약을 하고 오세요.</span></span></p>','03','C:/smart505/bmn_project_setting/src/main/resources/static/images/2023-07-12/2272315220378400.jpg','C:/smart505/bmn_project_setting/src/main/resources/static/images/2023-07-12/2272315219503000.jpg',4.8,35.099554,129.027379,3,3,'sim1,sim2,밥도,'),(600,'parkceo3','1234','박민성3','스나쿠','반반카레(10,000원)','반반카레(10,000원)','C:/smart505/bmn_project_setting/src/main/resources/static/images/2023-07-12/1322189840530600.jpg','치킨난반정식(12,000원)','C:/smart505/bmn_project_setting/src/main/resources/static/images/2023-07-12/1322189841248400.jpg','치츠멘치정식(12,000원)','C:/smart505/bmn_project_setting/src/main/resources/static/images/2023-07-12/1322189841930100.jpg','마제카레소바(10,000원)','C:/smart505/bmn_project_setting/src/main/resources/static/images/2023-07-12/1322189842606700.jpg','스나쿠카레(8,500)','C:/smart505/bmn_project_setting/src/main/resources/static/images/2023-07-12/1322189843250600.jpg','',NULL,'11:30','20:00','금정구','부산광역시 금정구 금정로52번길 45, 장전동 (장전동)','0507-1327-6019','<p><span style=\"color: rgb(32, 33, 36); font-family: consolas, &quot;lucida console&quot;, &quot;courier new&quot;, monospace; white-space-collapse: preserve; background-color: rgb(255, 255, 255);\">it\'s snacku time !!\r\n아메카지 데일리 스낵 브랜드 스나쿠\r\n\r\n장전동 부산대역 근처 일본식 카레, 멘치카츠 / 치킨난반정식 / 마제카레소바 등 일본식 데일리 푸드를 판매합니다.\r\n일본여행 온듯한 인테리어와 깨끗함으로 맞이하겠습니다!\r\n2~4인 테이블과 바테이블도 준비되어있어서 가족,커플,혼밥까지\r\n모두 가능합니다! 편하게 방문해주세요!\r\n\r\n부산대역 1번출구 근처 부산대 카페거리 초입에 위치해 있습니다.\r\n오늘도 스나쿠타임 하세요!:)</span>&nbsp;</p>','02','C:/smart505/bmn_project_setting/src/main/resources/static/images/2023-07-12/1322189839631200.jpg','C:/smart505/bmn_project_setting/src/main/resources/static/images/2023-07-12/1322189838630300.jpg',0,35.228887,129.088415,3,2,'sim2,밥도,심틀,'),(601,'parkceoF','1234','박민성F','하야시','카츠동(9,000원)','카츠동(9,000원)','C:/smart505/bmn_project_setting/src/main/resources/static/images/2023-07-12/1322549782873100.jpg','소스카츠동(9,000원)','C:/smart505/bmn_project_setting/src/main/resources/static/images/2023-07-12/1322549783527000.jpg','특로스카츠(13,500원)','C:/smart505/bmn_project_setting/src/main/resources/static/images/2023-07-12/1322549784220100.jpg','소스카츠동트리플(17,500원)',NULL,'',NULL,'',NULL,'11:30','21:30','중구','부산광역시 중구 남포길 20-1, 하야시 (남포동2가)','0507-1359-0859','<p><b><span style=\"color: rgb(32, 33, 36); font-family: 굴림체, GulimChe; white-space-collapse: preserve; background-color: rgb(255, 255, 255); font-size: 12pt;\">카마타케 제면소 부산남포동 본점 (체인점대표) \r\n대표님이 새로만든 브랜드 하야시! 직접운영 하여</span><span style=\"background-color: rgb(255, 255, 255); color: rgb(32, 33, 36); font-family: 굴림체, GulimChe; white-space-collapse: preserve; font-size: 12pt;\"> 최상의 퀄리디!!</span></b></p>','02','C:/smart505/bmn_project_setting/src/main/resources/static/images/2023-07-12/1322549782216100.jpg','C:/smart505/bmn_project_setting/src/main/resources/static/images/2023-07-12/1322549781419400.jpg',4.6,35.09871,129.030972,3,3,'sim1,EZ2,심손님3,밥도,'),(602,'parkceo5','1234','박민성5','갓포신','모듬스시(20,000원)','모듬스시(20,000원)','C:/smart505/bmn_project_setting/src/main/resources/static/images/2023-07-12/1322927993759900.jpg','연어스시(20,000)','C:/smart505/bmn_project_setting/src/main/resources/static/images/2023-07-12/1322927995176500.jpg','모음회(소)(50,000)','C:/smart505/bmn_project_setting/src/main/resources/static/images/2023-07-12/1322927995978500.jpg','사시미오마카세(60,000)','C:/smart505/bmn_project_setting/src/main/resources/static/images/2023-07-12/1322927996612100.jpg','',NULL,'',NULL,'10:00','23:00','중구','부산광역시 중구 남포길 6, 남포동 (남포동3가)','단체석, 주차, 포장, 배달, 예약, 무선 인터넷, 남/녀 화장실 구분','<p><span style=\"color: rgb(66, 66, 66); font-family: -apple-system, BlinkMacSystemFont, helvetica, &quot;Apple SD Gothic Neo&quot;, sans-serif; font-size: 11pt; letter-spacing: -0.3px; background-color: rgb(255, 255, 255);\"><b>갓포신은 제철요리 스시 사시미 코스요리 전문점입니다</b></span>&nbsp;</p>','02','C:/smart505/bmn_project_setting/src/main/resources/static/images/2023-07-12/1322927992393500.jpg','C:/smart505/bmn_project_setting/src/main/resources/static/images/2023-07-12/1322927989969600.jpg',4.8,35.098848,129.029343,3,4,'bae3,심손님3,밥도,심틀,'),(603,'leeceo6','1234','이지원6','갈메기먹짱','삼겹살 5,900원','',NULL,'',NULL,'',NULL,'',NULL,'',NULL,'',NULL,'10:00','22:00','부산진구','부산광역시 부산진구 중앙대로702번길 13 (부전동)','0507-1375-7221','<p>23</p>','01','C:/smart505/bmn_project_setting/src/main/resources/static/images/2023-07-12/1308886013602300.jpg','C:/smart505/bmn_project_setting/src/main/resources/static/images/2023-07-12/1308886011245400.jpg',0,35.155465,129.059961,0,0,''),(604,'simceo5','1234','심홍콩','홍콩반점 양정점','짜장면(6,000원)','짜장면(6,000원)','C:/smart505/bmn_project_setting/src/main/resources/static/images/2023-07-12/2273941791977900.jpg','짬뽕(7,000원)','C:/smart505/bmn_project_setting/src/main/resources/static/images/2023-07-12/2273941792883800.jpg','짜장밥(7,000원)','C:/smart505/bmn_project_setting/src/main/resources/static/images/2023-07-12/2273941794019100.jpg','쟁반짜장(14,000원)','C:/smart505/bmn_project_setting/src/main/resources/static/images/2023-07-12/2273941795167600.jpg','탕수육(소)(12,000원)','C:/smart505/bmn_project_setting/src/main/resources/static/images/2023-07-12/2273941796236600.jpg','군만두(6,000원)','C:/smart505/bmn_project_setting/src/main/resources/static/images/2023-07-12/2273941797494100.png','10:00','22:00','부산진구','부산광역시 부산진구 중앙대로 902 (양정동)','051-853-0410','<p>홍콩반점 양정점입니다.</p>','03','C:/smart505/bmn_project_setting/src/main/resources/static/images/2023-07-12/2273941791098600.png','C:/smart505/bmn_project_setting/src/main/resources/static/images/2023-07-12/2273941790277500.jpg',0,35.170679,129.069825,3,1,'심틀,'),(605,'baeceo8','1234','배손님8','123123','항정국밥(12,000원)','고기국밥(10,000원)','C:/smart505/bmn_project_setting/src/main/resources/static/images/2023-07-13/10927560606400.jpg','섞어국밥(10,000원)','C:/smart505/bmn_project_setting/src/main/resources/static/images/2023-07-13/10927562452200.jpg','',NULL,'',NULL,'',NULL,'',NULL,'10:00','22:00','부산진구','부산광역시 부산진구 중앙대로702번길 13 (부전동)','5055050505','<p>sdfsdf</p>','01','C:/smart505/bmn_project_setting/src/main/resources/static/images/2023-07-13/10927559584200.jpg','C:/smart505/bmn_project_setting/src/main/resources/static/images/2023-07-13/10927558545000.jpg',0,35.155465,129.059961,0,0,''),(607,'ceo123','1234','김사장',NULL,NULL,NULL,NULL,NULL,NULL,NULL,NULL,NULL,NULL,NULL,NULL,NULL,NULL,NULL,NULL,NULL,NULL,NULL,NULL,NULL,NULL,NULL,0,NULL,NULL,0,0,''),(608,'asdf','asdf','asdf','본토중국집','간짜장(7,000원)',NULL,NULL,NULL,NULL,NULL,NULL,NULL,NULL,NULL,NULL,NULL,NULL,NULL,NULL,NULL,NULL,NULL,NULL,'03',NULL,NULL,0,NULL,NULL,1,0,''),(609,'tester2','1234','이사장님','이가네콩나물국밥','콩나물국밥(4,500원)','만두(3,000원)',NULL,'',NULL,'',NULL,'',NULL,'',NULL,'',NULL,'10:44','22:44','부산진구','부산광역시 부산진구 전포대로 148 (전포동)','010-1111-1111','<p>ㄶㄶㄶrrrr</p>','01',NULL,NULL,0,35.150012,129.065919,2,0,'');
/*!40000 ALTER TABLE `ceo_tp` ENABLE KEYS */;
UNLOCK TABLES;

--
-- Table structure for table `comment_tp`
--

DROP TABLE IF EXISTS `comment_tp`;
/*!40101 SET @saved_cs_client     = @@character_set_client */;
/*!50503 SET character_set_client = utf8mb4 */;
CREATE TABLE `comment_tp` (
  `comment_idx` int NOT NULL AUTO_INCREMENT,
  `review_idx` int NOT NULL,
  `ceo_idx` int NOT NULL,
  `customer_idx` int NOT NULL,
  `comment_contents` varchar(100) NOT NULL,
  `comment_date` date NOT NULL,
  `comment_delete` varchar(45) NOT NULL DEFAULT 'N',
  `customer_nick` varchar(45) DEFAULT NULL,
  PRIMARY KEY (`comment_idx`)
) ENGINE=InnoDB AUTO_INCREMENT=40 DEFAULT CHARSET=utf8mb4 COLLATE=utf8mb4_0900_ai_ci;
/*!40101 SET character_set_client = @saved_cs_client */;

--
-- Dumping data for table `comment_tp`
--

LOCK TABLES `comment_tp` WRITE;
/*!40000 ALTER TABLE `comment_tp` DISABLE KEYS */;
INSERT INTO `comment_tp` VALUES (1,2,1,1,'맛있어요!!','2023-07-05','Y','테스터'),(2,2,1,1,'정말 맛있어요!!!','2023-07-05','N','테스터'),(3,2,1,3,'저렴해요~~','2023-07-06','N','아이유'),(4,1,1,3,'푸짐해요^^','2023-07-06','N','아이유'),(5,1,1,4,'담주에 또 갈거에용','2023-07-06','N','린쟈오밍'),(6,2,1,3,'저도 한번 가보고 싶네용~~','2023-07-06','N','아이유'),(7,1,1,0,'맜있나 얘들아','2023-07-06','Y','사장님'),(8,5,1,3,'여기 가봤는데 맛있어요','2023-07-07','N','아이유'),(9,3,2,4,'저도 한번 가보고 싶네용~~','2023-07-09','N','린쟈오밍'),(10,3,2,0,'감사합니다.','2023-07-09','N','사장님'),(11,3,2,4,'답변 감사해용^^','2023-07-10','N','린쟈오밍'),(12,1,1,0,'감사합니다.^^','2023-07-10','N','사장님'),(13,1,1,0,'','2023-07-10','Y','사장님'),(14,1,1,0,'','2023-07-10','Y','사장님'),(15,1,1,4,'','2023-07-10','Y','린쟈오밍'),(16,1,1,4,'','2023-07-10','Y','린쟈오밍'),(17,2,1,4,'','2023-07-10','N','린쟈오밍'),(18,5,1,4,'','2023-07-10','N','린쟈오밍'),(19,2,1,0,'감자합니다~~','2023-07-10','Y','사장님'),(20,5,1,0,'감사합니다~~','2023-07-10','N','사장님'),(21,2,1,0,'감사합니다^^22','2023-07-10','N','사장님'),(22,5,1,1,'맛있게 잘먹엇습니다','2023-07-10','Y','짱짱'),(23,5,1,0,'안녕하세요','2023-07-10','Y','사장님'),(24,5,1,1,'1234','2023-07-10','N','짱짱'),(25,1,1,0,'다들 정말 감사합니다^^','2023-07-11','N','사장님'),(26,24,107,20,'여기 가봤는데 맛있어요','2023-07-12','Y','bae1'),(27,24,107,20,'여기 가봤는데 맛있어요11','2023-07-12','N','bae1'),(28,51,601,0,'감사합니다 bae3 손님♥','2023-07-12','N','사장님'),(29,45,584,51,'안녕하세요','2023-07-12','Y','sim6'),(30,49,587,40,'맛있어보여요~','2023-07-12','N','sim1'),(31,35,587,40,'저도 다음주에 방문해야겠어요~','2023-07-12','N','sim1'),(32,36,588,40,'맛있나요?','2023-07-12','N','sim1'),(33,52,601,40,'저도 저번주에 다녀 왔는데 맛있어요ㅋㅋ','2023-07-12','N','sim1'),(34,72,584,0,'맛있는 리뷰 정말 감사드립니다. 앞으로도 최선을 다해 맛있는 음식 대접하겠습니다!!  ','2023-07-13','N','사장님'),(35,73,584,0,'회원님의 소중한 리뷰 정말 감사드리며, 앞으로도 최선을 다하겠습니다!!','2023-07-13','N','사장님'),(36,74,590,0,'항상 노력하는 제따반점 되겠습니다!! 감사합니다!!','2023-07-13','N','사장님'),(37,70,590,0,'늘 손님에게 최상의 서비스를 제공하는 제따 반점이 되도록 하겠습니다. 감사합니다^^','2023-07-13','N','사장님'),(38,98,589,0,'감사합니다','2023-07-13','N','사장님'),(39,96,599,23,'ㅋㅋㅋㅋㅋㅋㅋㅋㅋㅋㅋㅋ','2023-07-13','N','bae4');
/*!40000 ALTER TABLE `comment_tp` ENABLE KEYS */;
UNLOCK TABLES;

--
-- Table structure for table `customer_tp`
--

DROP TABLE IF EXISTS `customer_tp`;
/*!40101 SET @saved_cs_client     = @@character_set_client */;
/*!50503 SET character_set_client = utf8mb4 */;
CREATE TABLE `customer_tp` (
  `customer_idx` int NOT NULL AUTO_INCREMENT,
  `customer_id` varchar(45) NOT NULL,
  `customer_pw` varchar(100) NOT NULL,
  `customer_name` varchar(45) NOT NULL,
  `customer_nick` varchar(45) NOT NULL,
  `customer_gender` varchar(45) NOT NULL,
  `customer_age` int NOT NULL,
  `customer_follow` varchar(300) NOT NULL DEFAULT '',
  `customer_grade` int NOT NULL DEFAULT '1',
  `customer_ban` varchar(45) NOT NULL DEFAULT 'N',
  `customer_join_dt` varchar(45) DEFAULT NULL,
  PRIMARY KEY (`customer_idx`)
) ENGINE=InnoDB AUTO_INCREMENT=54 DEFAULT CHARSET=utf8mb4 COLLATE=utf8mb4_0900_ai_ci;
/*!40101 SET character_set_client = @saved_cs_client */;

--
-- Dumping data for table `customer_tp`
--

LOCK TABLES `customer_tp` WRITE;
/*!40000 ALTER TABLE `customer_tp` DISABLE KEYS */;
INSERT INTO `customer_tp` VALUES (1,'customer1','1234','카리나','짱짱','F',20,'',2,'N','2023-07-01'),(2,'customer2','1234','테스터2','bisper','M',20,'민물가든,만드리곤드레밥,',2,'N','2023-07-02'),(3,'customer3','1234','테스터3','아이유','F',30,'부흥식당,원조할매집,만드리곤드레밥,',2,'N','2023-07-02'),(4,'customer4','1234','테스터4','린쟈오밍','F',40,'원조할매집,만드리곤드레밥,소고기,',2,'N','2023-07-03'),(5,'tester1','1234','테스터1','tester','M',40,'아무무,',2,'N','2023-07-05'),(6,'admin','admin','관리자','관리자','M',20,'',10,'N','2023-07-07'),(15,'customer5','1234','이지원','김굥지징','M',20,'',2,'Y','2023-07-08'),(16,'customer6','1234','테스터','테스터6','M',30,'',2,'N','2023-07-10'),(17,'customer7','1234','tester','테스터7','M',30,'',1,'Y','2023-07-10'),(18,'testCustomer','1234','이지원','이지징','M',20,'',2,'Y','2023-04-10'),(19,'customertester1','1234','김개똥','테스트 커스터머','M',30,'',1,'N','2023-04-10'),(20,'baecustomer1','1234','배상원1','bae1','F',30,'태종대 욜로조개구이,달인막창 해운대 본점,정을담다,',2,'N','2023-04-10'),(21,'baecustomer2','1234','배상원2','bae2','M',30,'명지 소고기집 박군네,태종대 욜로조개구이,달인막창 해운대 본점,',2,'N','2023-04-10'),(22,'baecustomer3','1234','배상원3','bae3','F',10,'달인막창 해운대 본점,태종대 욜로조개구이,제따반점 서면점,갓포신,',2,'N','2023-04-10'),(23,'baecustomer4','1234','배상원4','bae4','M',40,'하가원 해운대점,명지 소고기집 박군네,팔선생,제따반점 서면점,',2,'N','2023-04-10'),(24,'baecustomer5','1234','배상원5','bae5','M',20,'제따반점 서면점,팔선생,',2,'N','2023-04-10'),(35,'leecustomer1','1234','이지원1','EZ1','F',10,'',2,'N','2023-05-01'),(36,'leecustomer2','1234','이지원2','EZ2','M',20,'돈쇼우,하야시,',2,'N','2023-07-13'),(37,'leecustomer3','1234','이지원3','EZ3','F',30,'',2,'N','2023-07-12'),(38,'leecustomer4','1234','이지원4','EZ4','M',40,'',2,'N','2023-02-23'),(39,'leecustomer5','1234','이지원5','EZ5','F',50,'',1,'N','2023-04-20'),(40,'simcustomer1','1234','심손님1','sim1','F',50,'명지 소고기집 박군네,하가원 해운대점,정을담다,하야시,개화,Funky clover,코하루,',2,'N','2023-07-12'),(41,'simcustomer2','1234','심손님2','sim2','M',20,'명지 소고기집 박군네,해쉬,돈쇼우,스나쿠,차이홍,달인막창 해운대 본점,정을담다,개화,하가원 해운대점,',2,'N','2023-07-12'),(42,'prakcoustomer1','1234','박민성','par1','M',10,'',2,'N','2023-07-12'),(43,'prakcoustomer2','1234','박민성2','par2','M',20,'해쉬,프맄,',2,'N','2023-07-12'),(44,'prakcoustomer3','1234','박민성3','par3','M',30,'스테레오타입 오브 부산,',2,'N','2023-07-12'),(45,'prakcoustomer4','1234','박민성F','parF','M',30,'스테레오타입 오브 부산,',2,'N','2023-07-12'),(46,'prakcoustomer5','1234','박민성5','park5','M',50,'',2,'N','2023-07-12'),(47,'simcustomer3','1234','심개똥','심손님3','F',40,'달인막창 해운대 본점,하야시,돈쇼우,팔선생,스테디어,프맄,제따반점 서면점,갓포신,코하루,',2,'N','2023-07-12'),(48,'simcustomer4','1234','심잼민','밥도','M',10,'팔선생,차이홍,하야시,개화,스테레오타입 오브 부산,코하루,갓포신,돈쇼우,정을담다,스나쿠,',2,'N','2023-07-12'),(49,'simcustomer5','1234','심팔순','심틀','M',50,'달인막창 해운대 본점,돈쇼우,홍콩반점 양정점,스나쿠,차이홍,Funky clover,갓포신,',2,'N','2023-07-12'),(50,'baecustomer6','1234','배손님6','bae6','F',30,'Funky clover,',1,'N','2023-07-12'),(51,'simcustomer6','1234','심손님6','sim6','F',10,'팔선생,',2,'N','2023-07-12'),(52,'customer123','1234','아무개','닉네임','M',20,'',2,'N','2023-07-13'),(53,'tester','1234','이지원','이지징123','M',20,'',2,'N','2023-08-31');
/*!40000 ALTER TABLE `customer_tp` ENABLE KEYS */;
UNLOCK TABLES;

--
-- Table structure for table `filter_tp`
--

DROP TABLE IF EXISTS `filter_tp`;
/*!40101 SET @saved_cs_client     = @@character_set_client */;
/*!50503 SET character_set_client = utf8mb4 */;
CREATE TABLE `filter_tp` (
  `filter_idx` int NOT NULL AUTO_INCREMENT,
  `ceo_idx` varchar(45) DEFAULT NULL,
  `ceo_store` varchar(45) DEFAULT NULL,
  `customer_id` varchar(45) DEFAULT NULL,
  `customer_follow` varchar(45) DEFAULT NULL,
  PRIMARY KEY (`filter_idx`)
) ENGINE=InnoDB AUTO_INCREMENT=2 DEFAULT CHARSET=utf8mb4 COLLATE=utf8mb4_0900_ai_ci;
/*!40101 SET character_set_client = @saved_cs_client */;

--
-- Dumping data for table `filter_tp`
--

LOCK TABLES `filter_tp` WRITE;
/*!40000 ALTER TABLE `filter_tp` DISABLE KEYS */;
INSERT INTO `filter_tp` VALUES (1,'584','팔선생','customer2','민물가든');
/*!40000 ALTER TABLE `filter_tp` ENABLE KEYS */;
UNLOCK TABLES;

--
-- Table structure for table `question_tp`
--

DROP TABLE IF EXISTS `question_tp`;
/*!40101 SET @saved_cs_client     = @@character_set_client */;
/*!50503 SET character_set_client = utf8mb4 */;
CREATE TABLE `question_tp` (
  `question_idx` int NOT NULL AUTO_INCREMENT,
  `customer_idx` int NOT NULL,
  `customer_nick` varchar(45) NOT NULL,
  `ceo_idx` int NOT NULL,
  `ceo_store` varchar(45) NOT NULL,
  `question_complete` varchar(45) NOT NULL DEFAULT '답변예정',
  `question_title` varchar(45) NOT NULL,
  `question_contents` varchar(200) NOT NULL,
  `question_date` date NOT NULL,
  `answer_contents` varchar(200) DEFAULT NULL,
  `answer_date` date DEFAULT NULL,
  PRIMARY KEY (`question_idx`),
  KEY `question_fk1_idx` (`customer_idx`),
  KEY `question_fk2_idx` (`ceo_idx`),
  CONSTRAINT `question_fk1` FOREIGN KEY (`customer_idx`) REFERENCES `customer_tp` (`customer_idx`),
  CONSTRAINT `question_fk2` FOREIGN KEY (`ceo_idx`) REFERENCES `ceo_tp` (`ceo_idx`)
) ENGINE=InnoDB AUTO_INCREMENT=49 DEFAULT CHARSET=utf8mb4 COLLATE=utf8mb4_0900_ai_ci;
/*!40101 SET character_set_client = @saved_cs_client */;

--
-- Dumping data for table `question_tp`
--

LOCK TABLES `question_tp` WRITE;
/*!40000 ALTER TABLE `question_tp` DISABLE KEYS */;
INSERT INTO `question_tp` VALUES (1,1,'밥묵자',1,'소고기','답변완료','테스트 문의 제목1','테스트 문의 내용1','2023-07-03','테스트 답변 내용1','2023-07-04'),(2,2,'bisper',1,'소고기','답변완료','테스트 문의 제목2','테스트 문의 내용2','2023-07-04','테스트 답변 내용2','2023-07-04'),(3,3,'아이유',1,'소고기','답변완료','테스트 문의 제목3','테스트 문의 내용3','2023-07-04','ttt','2023-07-05'),(4,3,'아이유',1,'소고기','답변완료','테스트 문의 제목4','테스트 문의 내용4','2023-07-04','asdasd','2023-07-05'),(5,3,'아이유',1,'소고기','답변완료','테스트 문의 제목 5','테스트 문의 내용 5','2023-07-04','sdssddsd','2023-07-05'),(6,4,'아이유',1,'소고기','답변완료','테스트 문의 제목6','테스트 문의 내용6','2023-07-04','wedww','2023-07-05'),(7,4,'아이유',1,'소고기','답변완료','테스트 문의 제목7','테스트 문의 내용7','2023-07-04','테스트 사장님 답변 내용7','2023-07-05'),(8,4,'아이유',1,'소고기','답변완료','테스트 문의 제목8','테스트 문의 내용8','2023-07-04','테스트 사장님 답변 내용8','2023-07-05'),(9,4,'아이유',1,'소고기','답변완료','테스트 문의 제목9','테스트 문의 내용9','2023-07-04','답변 달아드렸습니다~','2023-07-07'),(10,4,'아이유',1,'소고기','답변완료','테스트 문의 제목10','테스트 문의 내용10','2023-07-04','문의루팡 ㅋㅋ','2023-07-08'),(14,3,'아이유',1,'소고기','답변완료','주차 몇대까지 가능한가요??','ㅈㄱㄴ','2023-07-07','제곧내ㄷㄷ','2023-07-10'),(15,1,'밥묵자',94,'가야할매밀면','답변예정','문의1','문의11','2023-07-09',NULL,NULL),(16,1,'밥묵자',1,'소고기','답변완료','문의 15','문의 15','2023-07-09','문의루팡 ㅋㅋ','2023-07-10'),(27,1,'밥묵자',1,'소고기','답변예정','','','2023-07-09',NULL,NULL),(28,1,'밥묵자',94,'가야할매밀면','답변예정','문의 테슷트1','문의 테스트 내용1','2023-07-09',NULL,NULL),(29,1,'밥묵자',2,'테스트 가게','답변예정','문의문의','문의내용 문의내용??','2023-07-09',NULL,NULL),(30,1,'밥묵자',2,'테스트 가게','답변예정','문의문의','문의문의2','2023-07-09',NULL,NULL),(31,1,'짱짱',1,'소고기','답변예정','주차 몇대까지 가능한가요???????','?????','2023-07-10',NULL,NULL),(32,1,'짱짱',1,'소고기','답변예정','123','123','2023-07-10',NULL,NULL),(33,20,'bae1',107,'김해식당','답변예정','주차 몇대까지 가능한가요??','제곧내','2023-07-12',NULL,NULL),(34,22,'bae3',601,'하야시','답변완료','주차','사장님 주차는 몇 대까지 가능한가요??','2023-07-12','한 팀당 두 대입니당','2023-07-12'),(35,51,'sim6',584,'팔선생','답변예정','주차 몇대까지 가능한가요???????','ㅈㄱㄴ','2023-07-12',NULL,NULL),(36,22,'bae3',589,'명지 소고기집 박군네','답변예정','주차장은 널널한 편인가요?','저희가 차량을 2대를 운용할 계획인데 혹시 주차 자리는 널널한 편인가요?','2023-07-13',NULL,NULL),(37,22,'bae3',589,'명지 소고기집 박군네','답변예정','테스트 문의 제목1','테스트 문의 내용1','2023-07-13',NULL,NULL),(38,22,'bae3',589,'명지 소고기집 박군네','답변예정','테스트 문의 제목2','테스트 문의 내용2','2023-07-13',NULL,NULL),(39,22,'bae3',589,'명지 소고기집 박군네','답변예정','테스트 문의 제목3','테스트 문의 내용3','2023-07-13',NULL,NULL),(40,22,'bae3',589,'명지 소고기집 박군네','답변예정','테스트 문의 제목4','테스트 문의 내용4','2023-07-13',NULL,NULL),(41,22,'bae3',589,'명지 소고기집 박군네','답변예정','테스트 문의 제목5','테스트 문의 제목5','2023-07-13',NULL,NULL),(42,22,'bae3',589,'명지 소고기집 박군네','답변예정','테스트 문의 제목6','테스트 문의 내용6','2023-07-13',NULL,NULL),(43,22,'bae3',589,'명지 소고기집 박군네','답변완료','테스트 문의 제목7','테스트 문의 내용7','2023-07-13','테스트 문의 내용에 대한 사장님 답변7','2023-07-13'),(44,22,'bae3',589,'명지 소고기집 박군네','답변예정','테스트 문의 제목8','테스트 문의 내용8','2023-07-13',NULL,NULL),(45,22,'bae3',589,'명지 소고기집 박군네','답변예정','테스트 문의 제목9','테스트 문의 내용9','2023-07-13',NULL,NULL),(46,22,'bae3',589,'명지 소고기집 박군네','답변예정','테스트 문의 제목10','테스트 문의 내용10','2023-07-13',NULL,NULL),(47,22,'bae3',599,'개화','답변예정','123123','123123','2023-07-13',NULL,NULL),(48,53,'이지징123',596,'돈쇼우','답변예정','돈쇼우 문의','문의 내용 1','2023-08-31',NULL,NULL);
/*!40000 ALTER TABLE `question_tp` ENABLE KEYS */;
UNLOCK TABLES;

--
-- Table structure for table `reservation_tp`
--

DROP TABLE IF EXISTS `reservation_tp`;
/*!40101 SET @saved_cs_client     = @@character_set_client */;
/*!50503 SET character_set_client = utf8mb4 */;
CREATE TABLE `reservation_tp` (
  `reservation_idx` int NOT NULL AUTO_INCREMENT,
  `customer_idx` int NOT NULL,
  `customer_name` varchar(45) NOT NULL,
  `ceo_idx` int NOT NULL,
  `ceo_store` varchar(45) NOT NULL,
  `reservation_stat` int NOT NULL DEFAULT '0' COMMENT '0 - 예약 가능상태(거절)\n1 - 예약 불가상태(승인)\n2 - 예약 불가상태(불가)',
  `reservation_people` int NOT NULL,
  `reservation_contents` varchar(45) NOT NULL,
  `reservation_date` varchar(45) NOT NULL,
  `reservation_time` int NOT NULL,
  PRIMARY KEY (`reservation_idx`),
  KEY `reservation_fk1_idx` (`customer_idx`),
  KEY `reservation_fk2_idx` (`ceo_idx`),
  CONSTRAINT `reservation_fk1` FOREIGN KEY (`customer_idx`) REFERENCES `customer_tp` (`customer_idx`),
  CONSTRAINT `reservation_fk2` FOREIGN KEY (`ceo_idx`) REFERENCES `ceo_tp` (`ceo_idx`)
) ENGINE=InnoDB AUTO_INCREMENT=139 DEFAULT CHARSET=utf8mb4 COLLATE=utf8mb4_0900_ai_ci;
/*!40101 SET character_set_client = @saved_cs_client */;

--
-- Dumping data for table `reservation_tp`
--

LOCK TABLES `reservation_tp` WRITE;
/*!40000 ALTER TABLE `reservation_tp` DISABLE KEYS */;
INSERT INTO `reservation_tp` VALUES (2,1,'테스터',70,'만드리곤드레밥',1,5,'아이 있음','2023-07-03',11),(3,2,'테스터2',70,'만드리곤드레밥',1,5,'주차 1대','2023-07-03',1),(4,1,'테스터',72,'만호갈미샤브샤브',1,2,'창가 자리','2023-07-01',6),(5,2,'테스터2',72,'만호갈미샤브샤브',1,4,'','2023-07-02',7),(6,3,'테스터3',70,'만드리곤드레밥',1,4,'편한 자리','2023-07-03',9),(7,4,'테스터4',70,'만드리곤드레밥',1,3,'해산물 알러지','2023-07-04',6),(18,2,'테스터2',77,'민물가든',2,5,'매개변수 dto만','2023-07-04',5),(45,2,'테스터2',83,'부흥식당',2,7,'럭키7','2023-07-04',7),(46,2,'테스터2',70,'만드리곤드레밥',2,22,'2ㄷㄷ','2023-07-06',12),(47,2,'테스터2',70,'만드리곤드레밥',1,0,'2ㄷㄷ','2022-12-15',9),(48,2,'테스터2',72,'만호갈미샤브샤브',2,3,'ㅅㅅ','2023-07-05',3),(49,2,'테스터2',87,'사미헌',2,2,'','2023-07-05',11),(78,2,'테스터2',87,'사미헌',2,1,'','2023-07-06',9),(81,2,'테스터2',77,'민물가든',2,1,'','2023-07-06',11),(88,2,'테스터2',77,'민물가든',2,1,'','2023-07-06',4),(105,2,'테스터2',72,'만호갈미샤브샤브',2,1,'','2023-07-06',7),(113,2,'테스터2',72,'만호갈미샤브샤브',2,1,'','2023-07-06',2),(117,2,'테스터2',2,'테스트 가게',1,1,'','2023-07-07',1),(120,2,'테스터2',2,'테스트 가게',2,2,'가게명 입력 테스트','2023-07-07',11),(121,1,'테스터',94,'가야할매밀면',1,1,'11시손님','2023-07-08',11),(122,1,'테스터',94,'가야할매밀면',1,2,'창가 자리','2023-07-08',12),(123,1,'테스터',94,'가야할매밀면',1,5,'8명이요','2023-07-08',1),(124,1,'테스터',94,'가야할매밀면',1,2,'조용한 자리','2023-07-08',2),(125,1,'테스터',94,'가야할매밀면',1,3,'야식먹고싶어','2023-07-09',9),(126,15,'m',193,'젠스시',1,2,'창가쪽 자리','2023-07-09',7),(127,1,'카리나',1,'소고기',2,2,'딱히 없음','2023-07-10',11),(129,1,'카리나',1,'소고기',2,1,'카리나가 간다!','2023-07-11',11),(130,1,'카리나',1,'소고기',1,1,'카리나는 2차도 갈꺼야','2023-07-11',12),(131,23,'배상원4',595,'프맄',2,4,'창가 자리','2023-07-12',7),(133,35,'이지원1',589,'명지 소고기집 박군네',1,2,'창가 자리,\r\n차량 1대','2023-07-13',1),(134,21,'배상원2',589,'명지 소고기집 박군네',1,3,'조용한 자리','2023-07-13',3),(135,37,'이지원3',589,'명지 소고기집 박군네',1,5,'8명 입니다.\r\n환기 잘되는 자리로 부탁드립니다.','2023-07-13',11),(137,52,'아무개',589,'명지 소고기집 박군네',2,3,'3명 예약','2023-07-13',5),(138,53,'이지원',596,'돈쇼우',1,2,'','2023-08-31',1);
/*!40000 ALTER TABLE `reservation_tp` ENABLE KEYS */;
UNLOCK TABLES;

--
-- Table structure for table `review_tag_tp`
--

DROP TABLE IF EXISTS `review_tag_tp`;
/*!40101 SET @saved_cs_client     = @@character_set_client */;
/*!50503 SET character_set_client = utf8mb4 */;
CREATE TABLE `review_tag_tp` (
  `review_tag_idx` int NOT NULL AUTO_INCREMENT,
  `review_idx` int NOT NULL,
  `review_tag1` varchar(45) NOT NULL DEFAULT 'N',
  `review_tag2` varchar(45) NOT NULL DEFAULT 'N',
  `review_tag3` varchar(45) NOT NULL DEFAULT 'N',
  `review_tag4` varchar(45) NOT NULL DEFAULT 'N',
  `review_tag5` varchar(45) NOT NULL DEFAULT 'N',
  `review_tag6` varchar(45) NOT NULL DEFAULT 'N',
  `review_tag7` varchar(45) NOT NULL DEFAULT 'N',
  `review_tag8` varchar(45) NOT NULL DEFAULT 'N',
  PRIMARY KEY (`review_tag_idx`),
  KEY `review_tag_fk1_idx` (`review_idx`),
  CONSTRAINT `review_tag_fk1` FOREIGN KEY (`review_idx`) REFERENCES `review_tp` (`review_idx`)
) ENGINE=InnoDB AUTO_INCREMENT=105 DEFAULT CHARSET=utf8mb4 COLLATE=utf8mb4_0900_ai_ci;
/*!40101 SET character_set_client = @saved_cs_client */;

--
-- Dumping data for table `review_tag_tp`
--

LOCK TABLES `review_tag_tp` WRITE;
/*!40000 ALTER TABLE `review_tag_tp` DISABLE KEYS */;
INSERT INTO `review_tag_tp` VALUES (1,1,'Y','N','Y','N','Y','N','Y','Y'),(2,2,'N','N','N','N','Y','Y','Y','N'),(5,3,'Y','Y','Y','Y','Y','Y','Y','Y'),(6,4,'N','Y','N','N','Y','Y','Y','N'),(7,5,'N','N','N','N','Y','Y','Y','N'),(8,6,'Y','Y','Y','Y','N','N','N','N'),(11,24,'Y','N','Y','N','N','Y','Y','N'),(12,26,'Y','Y','N','N','N','N','N','N'),(13,27,'Y','Y','Y','N','N','N','Y','N'),(14,28,'Y','N','N','N','N','N','N','N'),(15,29,'Y','N','Y','Y','Y','Y','N','N'),(16,30,'Y','Y','Y','N','N','N','N','N'),(17,31,'Y','N','Y','N','N','N','N','Y'),(18,32,'Y','N','Y','N','N','N','N','Y'),(19,35,'Y','Y','N','N','N','N','Y','N'),(20,36,'Y','Y','Y','N','N','N','N','N'),(21,38,'N','Y','N','Y','N','N','N','N'),(22,39,'N','Y','N','N','N','N','Y','N'),(23,40,'Y','N','Y','N','N','N','Y','N'),(24,44,'N','N','N','Y','Y','N','N','N'),(25,45,'N','Y','N','N','N','Y','N','N'),(26,47,'N','N','Y','Y','N','Y','N','N'),(27,51,'N','Y','N','N','N','Y','N','N'),(28,52,'N','N','N','Y','N','N','N','Y'),(29,55,'N','N','Y','N','N','N','N','N'),(30,56,'N','N','Y','N','N','N','N','N'),(31,57,'N','N','N','N','N','N','N','Y'),(32,58,'N','Y','N','N','N','N','N','N'),(33,53,'Y','N','Y','N','Y','N','Y','Y'),(34,59,'N','N','Y','N','N','N','N','N'),(35,25,'Y','N','N','N','N','N','Y','Y'),(36,34,'N','N','Y','N','N','N','Y','N'),(37,33,'N','N','N','N','Y','N','N','N'),(55,37,'Y','N','Y','Y','N','Y','N','Y'),(56,41,'N','Y','N','Y','N','Y','N','Y'),(57,42,'Y','Y','Y','Y','Y','N','N','N'),(58,43,'N','N','N','Y','Y','N','N','N'),(59,46,'N','Y','N','Y','N','Y','N','Y'),(60,48,'Y','N','Y','N','Y','N','Y','N'),(61,49,'N','N','N','N','N','N','N','N'),(62,50,'Y','Y','Y','Y','Y','Y','Y','Y'),(63,54,'Y','N','Y','N','Y','N','N','Y'),(64,60,'N','N','N','N','N','N','N','Y'),(65,61,'N','N','N','N','N','N','N','N'),(66,62,'N','N','N','Y','N','N','N','N'),(67,63,'Y','Y','Y','N','N','Y','N','Y'),(68,64,'Y','Y','Y','N','N','N','N','Y'),(69,65,'Y','Y','Y','Y','Y','Y','Y','Y'),(70,66,'N','N','N','Y','N','N','N','Y'),(71,67,'Y','Y','Y','Y','N','N','N','Y'),(72,68,'Y','Y','N','N','N','Y','N','N'),(73,69,'Y','N','Y','N','N','Y','N','N'),(74,70,'Y','N','Y','N','N','Y','N','N'),(75,71,'Y','Y','N','N','N','N','N','N'),(76,72,'Y','Y','N','Y','N','N','Y','N'),(77,73,'Y','N','N','Y','N','N','N','Y'),(78,74,'Y','N','N','N','N','Y','N','Y'),(79,75,'Y','Y','N','N','N','N','N','N'),(80,76,'Y','Y','N','N','N','N','N','N'),(81,77,'Y','Y','N','N','N','N','N','N'),(82,78,'Y','N','N','N','N','N','Y','N'),(83,79,'Y','Y','N','N','N','N','Y','Y'),(84,80,'Y','Y','Y','N','Y','Y','N','N'),(85,81,'Y','N','Y','N','N','N','Y','N'),(86,82,'N','N','N','Y','Y','N','N','N'),(87,83,'Y','N','Y','N','Y','N','N','N'),(88,84,'Y','N','Y','N','Y','N','N','N'),(89,85,'Y','Y','N','N','N','N','N','Y'),(90,86,'Y','N','N','Y','N','N','N','N'),(91,87,'N','N','Y','N','N','N','Y','N'),(92,88,'N','N','Y','N','Y','N','N','Y'),(93,89,'Y','N','N','N','N','Y','N','N'),(94,90,'Y','N','Y','N','N','N','N','N'),(95,91,'Y','N','Y','N','Y','N','N','N'),(96,92,'Y','Y','N','N','N','N','N','N'),(97,93,'Y','N','Y','Y','N','Y','N','N'),(98,94,'N','Y','N','Y','N','Y','N','N'),(99,95,'N','Y','Y','Y','N','N','N','Y'),(100,96,'Y','Y','N','N','N','N','Y','Y'),(101,97,'Y','N','Y','N','Y','Y','N','N'),(102,98,'Y','N','Y','Y','N','Y','N','N'),(103,99,'Y','Y','Y','N','N','N','Y','N'),(104,100,'N','N','Y','Y','N','N','N','N');
/*!40000 ALTER TABLE `review_tag_tp` ENABLE KEYS */;
UNLOCK TABLES;

--
-- Table structure for table `review_tp`
--

DROP TABLE IF EXISTS `review_tp`;
/*!40101 SET @saved_cs_client     = @@character_set_client */;
/*!50503 SET character_set_client = utf8mb4 */;
CREATE TABLE `review_tp` (
  `review_idx` int NOT NULL AUTO_INCREMENT,
  `customer_idx` int NOT NULL,
  `customer_nick` varchar(45) NOT NULL,
  `ceo_idx` int NOT NULL,
  `ceo_store` varchar(45) NOT NULL,
  `review_title` varchar(45) NOT NULL,
  `review_contents` varchar(1000) NOT NULL,
  `review_img` varchar(200) NOT NULL,
  `review_date` date NOT NULL,
  `review_score` double NOT NULL,
  `review_delete` varchar(45) NOT NULL DEFAULT 'N',
  PRIMARY KEY (`review_idx`)
) ENGINE=InnoDB AUTO_INCREMENT=101 DEFAULT CHARSET=utf8mb4 COLLATE=utf8mb4_0900_ai_ci;
/*!40101 SET character_set_client = @saved_cs_client */;

--
-- Dumping data for table `review_tp`
--

LOCK TABLES `review_tp` WRITE;
/*!40000 ALTER TABLE `review_tp` DISABLE KEYS */;
INSERT INTO `review_tp` VALUES (26,20,'bae1',588,'태종대 욜로조개구이','맛나고 좋아요~','<p>바다 뷰가&nbsp; 너무 좋고 조개구이도 가리비 위주로 양도 많은 편이네요~ 손님이 많은 가게라 예약하거나 일찍 자리잡아야 할 것 같아요.</p><p>조개는 가리비, 키조개인데&nbsp; 다른 종류도 있으면 좋겠어요^^</p>','C:/smart505/bmn_project_setting/src/main/resources/static/images/2023-07-11/10934134312500.jpg','2023-07-11',4.5,'Y'),(27,20,'bae1',587,'달인막창 해운대 본점','리뷰 쓰게 만드는 곳 최고!!!','<p>청주사람이라 원래 부산가면 회, 국밥만 먹었는데 이게 무슨 일인가유ㅠㅠㅠ 남자친구랑 감탄하면서 먹었습니다.</p><p>찾다가 우연히 방문한 곳에서 이번 여행을 최고로 만들어 준 곳이었어요!!!♥</p><p>맛있는 음식 내어주셔서 정말정말 감사합니다!!</p>','C:/smart505/bmn_project_setting/src/main/resources/static/images/2023-07-11/11163318755100.jpg','2023-07-11',5,'N'),(28,20,'bae1',585,'정을담다','가성비 맛집이에요!','<p>가성비 맛집이에요!!</p>','C:/smart505/bmn_project_setting/src/main/resources/static/images/2023-07-11/11631523216300.jpg','2023-07-11',3,'N'),(29,21,'bae2',589,'명지 소고기집 박군네','가성비 갑!','<p>벌써 두번째 방문이에여 ㅎㅎ 예전에 꽃갈비살 맛있게 먹었던게 생각나서 방문했는데 역시나,,</p><p>직원분들 친절하시고 손님 나간자리 정말 깨끗이 치우는거 보는데 느므 멋지셨어요 ㅎㅎ 고기 질 너무 좋고</p><p>질긴 부분 하나없이 부드럽고 8만원 정도면 배부르게 먹을수 있는 가성비! 굿입니당</p>','C:/smart505/bmn_project_setting/src/main/resources/static/images/2023-07-11/13170898223600.jpg','2023-07-11',4.5,'N'),(30,21,'bae2',586,'하가원 해운대점','부산 콩국수 맛집!','<p>소문만 듣고 갔는데 진짜 콩국 찐하고 고소해서 맛있습니다. 양도 엄청 푸짐해서 다먹고나면 배가 불러요ㅎㅎ</p><p>다만 가격은 좀 센 편이더라구요. 그래도 사장님도 친절하시고 맛있어서 좋았어요~~</p>','C:/smart505/bmn_project_setting/src/main/resources/static/images/2023-07-11/13294833544700.jpg','2023-07-11',3.5,'N'),(31,21,'bae2',588,'태종대 욜로조개구이','역시 조개구이 찐맛집','<p>오랜만에 왔는데 조개구이 찐맛집 다시 한 번 인지하고 갑니다! 막무가내 예약하고 와이프랑 지인 꼬셔서 왔는데</p><p>조개구이라고 극찬 나왔습니다ㅎㅎ 그리고 매장 직원분들 엄청 친절하시고, 서비스도 좋습니다. 입발린 칭찬 아니고,</p><p>와서 직접 경험하시길 바랍니당! ㅎㅎ 바다뷰는 덤으로 ㅎㅎ 맛조 하세요^_^</p>','C:/smart505/bmn_project_setting/src/main/resources/static/images/2023-07-11/13486255548100.jpg','2023-07-11',4.5,'Y'),(32,21,'bae2',587,'달인막창 해운대 본점','부산 여행 오신분들께 추쳔드려용','<p>부산 여행와서 리뷰 찾아보다 와봤는데 너무 맛있어요</p><p>사장님이 서비스로 주신 우동사리도&nbsp; 너무 감사드립니다!! 최고!!</p><p>직원분들도 너무 친절하셔서 먹기 편한 분위기였습니다.</p><p>저는 부모님이랑 왔는데 연인 친구들이랑도 많이들 오시네요ㅎㅎ</p>','C:/smart505/bmn_project_setting/src/main/resources/static/images/2023-07-11/13823309064500.jpg','2023-07-11',4,'N'),(33,22,'bae3',587,'달인막창 해운대 본점','달인세트 2인','<p>해운대 놀러왔다가 우연히 방문한 곳인데 세트 메뉴로 곱창구이와 전골을 모두 먹을 수 있어서</p><p>구성이 너무 좋았고, 맛도리였어여!! 마무리로 볶음밥도 꼭 먹기 메모..</p>','C:/smart505/bmn_project_setting/src/main/resources/static/images/2023-07-11/14150718057500.jpg','2023-07-11',4,'N'),(34,22,'bae3',587,'달인막창 해운대 본점','달인세트 2인','<p>해운대 놀러왔다가 우연히 방문한 곳인데 세트 메뉴로 곱창구이와 전골을 모두 먹을 수 있어서</p><p>구성이 너무 좋았고, 맛도리였어여!! 마무리로 볶음밥도 꼭 먹기 메모..</p>','C:/smart505/bmn_project_setting/src/main/resources/static/images/2023-07-11/14166245383400.jpg','2023-07-11',4,'N'),(35,22,'bae3',587,'달인막창 해운대 본점','달인세트 2인 추천드려용','<p>세트메뉴로 곱창구이와 전골을 모두 먹을 수 있어서 구성이 너무 좋았고 맛도리였어여!!</p>','C:/smart505/bmn_project_setting/src/main/resources/static/images/2023-07-11/14251349687800.jpg','2023-07-11',4,'N'),(36,22,'bae3',588,'태종대 욜로조개구이','부산 조개구이 하면 뭐다?','<p>지난번에 갔었는데 사장님 너무 친절하시고 조개구이 넘 맛있어서 재방문했어요~ 엄마 모시고 갔는데 완전</p><p>마음에 들어하시네요ㅎㅎ 부산 조개구이하면 태종대 욜로 조개구이 입니당!!</p>','C:/smart505/bmn_project_setting/src/main/resources/static/images/2023-07-11/14455490939500.jpg','2023-07-11',4.5,'N'),(37,23,'bae4',586,'하가원 해운대점','역사와 전통을 자랑하는 콩국수 맛집!!','<p>엄청 오래된 콩국수 맛집이라고 알고있는데, 지금은 리모델링 했는지 깔끔합니다.</p><p>요즘 콩국수에 빠져서 계속 먹고 있는데, 이 집 콩국수는 진하고 담백하면서 살짝 단맛이 있네요ㅎㅎ</p><p>수제비도 비빔밥도 해물파전도 다 맛있어요. 비빔밥은 엄청 묵직한 돌판에 나오는데 양이 진짜 많네요.</p><p>양 작은 분들은 하나 시켜서 두명이 먹을 수 있을듯!!&nbsp;</p>','C:/smart505/bmn_project_setting/src/main/resources/static/images/2023-07-11/14766620497000.jpg','2023-07-11',4.5,'N'),(38,23,'bae4',586,'하가원 해운대점','역사와 전통을 자랑하는 콩국수 맛집!!','<p>이 집 콩국수는 진하고 담백하면서 살짝 단맛이 있네요.</p><p>수제비도 비빔밥도 해물파전도 다 맛있어요. 비빔밥은 엄청 묵직한 돌판에 나오는데</p><p>양이 진짜 많네요ㅎㅎ 양 작은 분들은 하나 시켜서 두명이 먹을 수 있을듯요~</p><p><br></p>','C:/smart505/bmn_project_setting/src/main/resources/static/images/2023-07-11/14950423294400.jpg','2023-07-11',5,'N'),(39,23,'bae4',585,'정을담다','벌써 세번째 방문한 가게','<p>집밥이 먹고 싶거나, 다양한 반찬, 맛있는 한식이 생각날때면 꼭 찾아가는 가게 ㅎㅎ</p><p>개인적으로 갈비찜과 잡채, 톳나물 까지도 너무 좋은 것 같아요. 뭘 먹을지 행복한 고민과 함께하다</p><p>결국엔 모든 반찬 접시가 싹 비워질 때의 그 만족감은 오늘도 최고였어요!</p>','C:/smart505/bmn_project_setting/src/main/resources/static/images/2023-07-11/15143250055100.jpg','2023-07-11',4,'N'),(40,23,'bae4',589,'명지 소고기집 박군네','명지에서 소고기집은 여기!!','<p>명지에서 소고기집 찾으신다면 여기 박군네 어떠실까요???</p><p>고기도 너무 부드럽고 맛있어요 밑반찬도 서비스 육회도 끝내줍니당ㅎㅎ</p><p>그리고 직원분들도 친절하셔서 너무 좋았습니다.</p>','C:/smart505/bmn_project_setting/src/main/resources/static/images/2023-07-11/15572118790000.jpg','2023-07-11',4,'N'),(41,37,'EZ3',585,'정을담다','양심 장사 하세요...','클린한 리뷰 부탁드립니다~','C:/smart505/bmn_project_setting/src/main/resources/static/images/2023-07-12/1318766490086600.jpg','2023-07-12',1,'N'),(42,37,'EZ3',585,'정을담다','재방문 의사.. 없스빈다..','클린한 리뷰 부탁드립니다~','C:/smart505/bmn_project_setting/src/main/resources/static/images/2023-07-12/1319061272845700.jpg','2023-07-12',2,'N'),(43,20,'bae1',588,'태종대 욜로조개구이','그럭저럭!','클린한 리뷰 부탁드립니다~','C:/smart505/bmn_project_setting/src/main/resources/static/images/2023-07-12/1319386457847800.jpg','2023-07-12',5,'N'),(44,20,'bae1',584,'팔선생','벌레가나왓어요','클린한 리뷰 부탁드립니다~','C:/smart505/bmn_project_setting/src/main/resources/static/images/2023-07-12/1319567035119800.jpg','2023-07-12',5,'Y'),(46,35,'EZ1',584,'팔선생','간짜장 맛집','클린한 리뷰 부탁드립니다~','C:/smart505/bmn_project_setting/src/main/resources/static/images/2023-07-12/2288019998276400.jpg','2023-07-12',4.5,'Y'),(48,35,'EZ1',597,'코하루','국물이 일품','클린한 리뷰 부탁드립니다~','C:/smart505/bmn_project_setting/src/main/resources/static/images/2023-07-12/2288249391017500.jpg','2023-07-12',5,'N'),(49,35,'EZ1',587,'달인막창 해운대 본점','막창이 탱글탱글','클린한 리뷰 부탁드립니다~','C:/smart505/bmn_project_setting/src/main/resources/static/images/2023-07-12/2288370970590500.jpg','2023-07-12',5,'Y'),(50,36,'EZ2',589,'명지 소고기집 박군네','흠.. 원산지가..','클린한 리뷰 부탁드립니다~','C:/smart505/bmn_project_setting/src/main/resources/static/images/2023-07-12/2288545027125100.jpg','2023-07-12',1,'Y'),(51,22,'bae3',601,'하야시','그럭저럭!','맛도리에요~~','C:/smart505/bmn_project_setting/src/main/resources/static/images/2023-07-12/1320244924388100.jpg','2023-07-12',5,'N'),(52,22,'bae3',601,'하야시','아웅 맛잇엉','맛도리에요 22','C:/smart505/bmn_project_setting/src/main/resources/static/images/2023-07-12/1320269579046700.jpg','2023-07-12',5,'N'),(53,36,'EZ2',595,'프맄','제가,, 영얼,, 잘 못합니다,,','클린한 리뷰 부탁드립니다~','C:/smart505/bmn_project_setting/src/main/resources/static/images/2023-07-12/2288698523288400.jpg','2023-07-12',2.5,'Y'),(54,36,'EZ2',599,'개화','온가족 식사 리뷰','클린한 리뷰 부탁드립니다~','C:/smart505/bmn_project_setting/src/main/resources/static/images/2023-07-12/2288837025234500.jpg','2023-07-12',4.5,'N'),(55,24,'bae5',584,'팔선생','asd','클린한 리뷰 부탁드립니다~asd','C:/smart505/bmn_project_setting/src/main/resources/static/images/2023-07-12/1323409663393600.jpg','2023-07-12',4,'N'),(56,24,'bae5',584,'팔선생','222','클린한 리뷰 부탁드립니다~222','C:/smart505/bmn_project_setting/src/main/resources/static/images/2023-07-12/1323421045363500.jpg','2023-07-12',5,'N'),(57,24,'bae5',584,'팔선생','그럭저럭!','클린한 리뷰 부탁드립니다~3333','C:/smart505/bmn_project_setting/src/main/resources/static/images/2023-07-12/1323435007767400.jpg','2023-07-12',5,'N'),(58,24,'bae5',584,'팔선생','sdsd','클린한 리뷰 부탁드립니다~sdsdsd','C:/smart505/bmn_project_setting/src/main/resources/static/images/2023-07-12/1323449544654000.jpg','2023-07-12',5,'N'),(59,22,'bae3',595,'프맄','2323','클린한 리뷰 부탁드립니다~2323','C:/smart505/bmn_project_setting/src/main/resources/static/images/2023-07-12/1324339083843000.jpg','2023-07-12',5,'N'),(60,20,'bae1',595,'프맄','123','클린한 리뷰 부탁드립니다~123','C:/smart505/bmn_project_setting/src/main/resources/static/images/2023-07-12/1325093192792200.jpg','2023-07-12',3.5,'N'),(61,20,'bae1',595,'프맄','123123','클린한 리뷰 부탁드123123립니다~','C:/smart505/bmn_project_setting/src/main/resources/static/images/2023-07-12/1325162796526300.jpg','2023-07-12',5,'Y'),(62,23,'bae4',595,'프맄','123123','클린한 리뷰 부탁드립니다~12313123123','C:/smart505/bmn_project_setting/src/main/resources/static/images/2023-07-12/1325355334520300.jpg','2023-07-12',5,'N'),(63,40,'sim1',601,'하야시','가게가 깨끗하고 음식도 맛있어요ㅎㅎ','진짜 추천드립니다~~','C:/smart505/bmn_project_setting/src/main/resources/static/images/2023-07-12/2298216152184900.jpg','2023-07-12',5,'N'),(64,40,'sim1',592,'Funky clover','음식이 느끼해요ㅜㅜ','그래도 먹을만해요.. 분위기는 좋아요 ^^','C:/smart505/bmn_project_setting/src/main/resources/static/images/2023-07-12/2298373642422000.jpg','2023-07-12',3,'N'),(65,40,'sim1',597,'코하루','제가 라멘 킬러인데요','여기서 라멘 안 먹으면 흑우입니다','C:/smart505/bmn_project_setting/src/main/resources/static/images/2023-07-12/2298487121775700.jpg','2023-07-12',3,'N'),(66,22,'bae3',590,'제따반점 서면점','123','클린123한 리뷰 부탁드립니다~','C:/smart505/bmn_project_setting/src/main/resources/static/images/2023-07-13/1332628153532800.jpg','2023-07-13',4,'N'),(67,38,'EZ4',589,'명지 소고기집 박군네','음식이 빨리나옵니다','<p>급하게 회식자리 찾아 들어갔는데 생각보다 양도 많고 분위기도 좋았습니다.</p><p><br></p><p>무엇보다 맛있어서<span style=\"color: rgb(0, 117, 200); font-size: 14pt;\"><b> 재방문 의사</b></span> 있습니다!!</p>','C:/smart505/bmn_project_setting/src/main/resources/static/images/2023-07-13/1337688303991100.jpg','2023-07-13',5,'N'),(68,23,'bae4',590,'제따반점 서면점','가성비 굿!!','<a href=\"https://pcmap.place.naver.com/restaurant/1953548493/review/visitor?entry=pll&amp;from=map&amp;fromNxList=true&amp;fromPanelNum=1&amp;n_ad_group_type=10&amp;n_query=%EC%84%9C%EB%A9%B4%EC%A4%91%EA%B5%AD%EC%A7%91&amp;ts=1689183145632#\" target=\"_self\" role=\"button\" aria-expanded=\"false\" class=\"xHaT3\" style=\"text-decoration-line: none; -webkit-tap-highlight-color: rgba(0, 0, 0, 0.1); cursor: pointer; font-family: -apple-system, BlinkMacSystemFont, helvetica, &quot;Apple SD Gothic Neo&quot;, sans-serif; font-size: 15px; letter-spacing: -0.3px; white-space-collapse: preserve-breaks; background-color: rgb(255, 255, 255); display: block;\"><span class=\"zPfVt\">가성비 좋고 맛있어요 짬뽕 국물이 진하고 얼큰하네요! 혼밥으로 자주 올 듯!</span></a>','C:/smart505/bmn_project_setting/src/main/resources/static/images/2023-07-13/8234480257699.jpg','2023-07-13',3.5,'Y'),(69,24,'bae5',590,'제따반점 서면점','가성비 면에서 매우 만족스러운 중식당^^','<a href=\"https://pcmap.place.naver.com/restaurant/1953548493/review/visitor?entry=pll&amp;from=map&amp;fromNxList=true&amp;fromPanelNum=1&amp;n_ad_group_type=10&amp;n_query=%EC%84%9C%EB%A9%B4%EC%A4%91%EA%B5%AD%EC%A7%91&amp;ts=1689183145632#\" target=\"_self\" role=\"button\" aria-expanded=\"true\" class=\"xHaT3\" style=\"text-decoration-line: none; -webkit-tap-highlight-color: rgba(0, 0, 0, 0.1); cursor: pointer; font-family: -apple-system, BlinkMacSystemFont, helvetica, &quot;Apple SD Gothic Neo&quot;, sans-serif; font-size: 15px; letter-spacing: -0.3px; white-space-collapse: preserve-breaks; background-color: rgb(255, 255, 255); display: block;\"><span class=\"zPfVt\" style=\"word-break: break-all;\">매장이 청결하고 직원분들이 친절하셔요?\r\n메뉴판 보니까 가격이 상당히 저렴하더라고요 근데 양도 많고 맛도 있어서 매우 만족스러웠습니다!!</span></a>','C:/smart505/bmn_project_setting/src/main/resources/static/images/2023-07-13/8364116747399.jpg','2023-07-13',4,'Y'),(70,24,'bae5',590,'제따반점 서면점','서면 가성비 갑 중국집ㅎㅎ','<a href=\"https://pcmap.place.naver.com/restaurant/1953548493/review/visitor?entry=pll&amp;from=map&amp;fromNxList=true&amp;fromPanelNum=1&amp;n_ad_group_type=10&amp;n_query=%EC%84%9C%EB%A9%B4%EC%A4%91%EA%B5%AD%EC%A7%91&amp;ts=1689183145632#\" target=\"_self\" role=\"button\" aria-expanded=\"true\" class=\"xHaT3\" style=\"text-decoration-line: none; -webkit-tap-highlight-color: rgba(0, 0, 0, 0.1); cursor: pointer; font-family: -apple-system, BlinkMacSystemFont, helvetica, &quot;Apple SD Gothic Neo&quot;, sans-serif; font-size: 15px; letter-spacing: -0.3px; background-color: rgb(255, 255, 255); display: block;\"><span class=\"zPfVt\" style=\"white-space-collapse: preserve-breaks; word-break: break-all;\">처음 들어올때는 가격이 저렴해 들어오게 되었는데 직원분께서 친절하게 응대 잘해주셔서 기분 좋게 주문했습니다! 흰 옷 입은거 보시고는 앞치마까지 가져다 주셨어요..?? 탕수육도 시켰는데 음식도 빨리 나왔어요 ! 진짜 가성비 좋고 맛있으니까 한번씩은 꼭 가보세요!!</span></a>','C:/smart505/bmn_project_setting/src/main/resources/static/images/2023-07-13/8447321063500.jpg','2023-07-13',4,'N'),(71,24,'bae5',599,'개화','탕수육 맛집 요기요&&','<a href=\"https://pcmap.place.naver.com/restaurant/12899219/review/visitor?from=map&amp;fromPanelNum=2&amp;ts=1689183514745#\" target=\"_self\" role=\"button\" aria-expanded=\"true\" class=\"xHaT3\" style=\"text-decoration-line: none; -webkit-tap-highlight-color: rgba(0, 0, 0, 0.1); cursor: pointer; font-family: -apple-system, BlinkMacSystemFont, helvetica, &quot;Apple SD Gothic Neo&quot;, sans-serif; font-size: 15px; letter-spacing: -0.3px; background-color: rgb(255, 255, 255); display: block;\"><span class=\"zPfVt\" style=\"white-space-collapse: preserve-breaks; word-break: break-all;\">탕수육 솜씨가 대단해요\r\n탕수육이 바삭바삭 소스에 잘버물려져서 맛있었어요\r\n광동밥도 순하게 잘먹었고\r\n개화하면 유니짜장이죠!\r\n유니짜장 면이 약간 덜 삶긴 느낌이었지만\r\n맛있게 먹었습니다??</span></a>','C:/smart505/bmn_project_setting/src/main/resources/static/images/2023-07-13/8602048238800.jpg','2023-07-13',5,'N'),(72,24,'bae5',584,'팔선생','믿고 먹는 팔선생','<a href=\"https://pcmap.place.naver.com/restaurant/35327140/review/visitor?entry=pll&amp;from=map&amp;fromPanelNum=1&amp;ts=1689183648360#\" target=\"_self\" role=\"button\" aria-expanded=\"true\" class=\"xHaT3\" style=\"text-decoration-line: none; -webkit-tap-highlight-color: rgba(0, 0, 0, 0.1); cursor: pointer; font-family: -apple-system, BlinkMacSystemFont, helvetica, &quot;Apple SD Gothic Neo&quot;, sans-serif; font-size: 15px; letter-spacing: -0.3px; background-color: rgb(255, 255, 255); display: block;\"><span class=\"zPfVt\" style=\"white-space-collapse: preserve-breaks; word-break: break-all;\">짜장면 면발도 탱글탱글하고 탕수육은 촉촉하고 볶음면도 쫄깃쫄깃 맛있었습니다.\r\n역시 믿고 먹는 팔선생이네요.\r\n짜장면먹고 싶어서 갔는데 정통적인 짜장면 맛이었습니다.\r\n양은 되게 많아서 적당히 먹는 여성분이면 하나가지고 둘이서 먹을수있을 만큼의 양 정도 되는것 같습니다.\r\n너무 맛있게 잘먹었습니다.</span></a>','C:/smart505/bmn_project_setting/src/main/resources/static/images/2023-07-13/8726167260599.jpg','2023-07-13',4.5,'N'),(73,24,'bae5',584,'팔선생','중국 현지 맛 실현','<a href=\"https://pcmap.place.naver.com/restaurant/35327140/review/visitor?entry=pll&amp;from=map&amp;fromPanelNum=1&amp;ts=1689183648360#\" target=\"_self\" role=\"button\" aria-expanded=\"true\" class=\"xHaT3\" style=\"text-decoration-line: none; -webkit-tap-highlight-color: rgba(0, 0, 0, 0.1); cursor: pointer; font-family: -apple-system, BlinkMacSystemFont, helvetica, &quot;Apple SD Gothic Neo&quot;, sans-serif; font-size: 15px; letter-spacing: -0.3px; background-color: rgb(255, 255, 255); display: block;\"><span class=\"zPfVt\" style=\"white-space-collapse: preserve-breaks; word-break: break-all;\">쟝난볶음밥을 먹어봤어요!\r\n저는 중국에 가본 적이 없어서 잘 모르겠지만,\r\n지인은 진짜 중국에서 먹는 볶음밥 같다고 하네요!!\r\n양이 굉장히 많고요~\r\n달다 느낄 때, 고추의 매운 맛이 잡아줍니다.\r\n새우볶음밥만 먹다가 먹어서 그런지, 더 맛있어요!</span></a>','C:/smart505/bmn_project_setting/src/main/resources/static/images/2023-07-13/8811144698700.jpg','2023-07-13',4,'N'),(74,20,'bae1',590,'제따반점 서면점','가성비 굿!!','<p>가성비 좋고 맛있어요 ㅎㅎ</p><p>짬뽕 국물이 완전 진하고 얼큰하네요! 혼밥 하러 오기도 좋아용</p>','C:/smart505/bmn_project_setting/src/main/resources/static/images/2023-07-13/9161959343300.jpg','2023-07-13',5,'N'),(75,23,'bae4',590,'제따반점 서면점','서면 가성비 갑 중국집ㅎㅎ','<a href=\"https://pcmap.place.naver.com/restaurant/1953548493/review/visitor?from=map&amp;fromPanelNum=2&amp;ts=1689184103848#\" target=\"_self\" role=\"button\" aria-expanded=\"false\" class=\"xHaT3\" style=\"text-decoration-line: none; -webkit-tap-highlight-color: rgba(0, 0, 0, 0.1); cursor: pointer; font-family: -apple-system, BlinkMacSystemFont, helvetica, &quot;Apple SD Gothic Neo&quot;, sans-serif; font-size: 15px; letter-spacing: -0.3px; white-space-collapse: preserve-breaks; background-color: rgb(255, 255, 255); display: block;\"><span class=\"zPfVt\">너무맛있어서 먹기전에 찍어야하는데 다먹고 찍어버렸네요 ㅋㅋㅋㅋ 강추합니다</span></a>','C:/smart505/bmn_project_setting/src/main/resources/static/images/2023-07-13/9419936876800.jpg','2023-07-13',5,'N'),(76,36,'EZ2',596,'돈쇼우','다채로운 맛ㅎㅎ','<a href=\"https://pcmap.place.naver.com/restaurant/1374328442/review/visitor#\" target=\"_self\" role=\"button\" aria-expanded=\"true\" class=\"xHaT3\" style=\"text-decoration-line: none; -webkit-tap-highlight-color: rgba(0, 0, 0, 0.1); cursor: pointer; font-family: -apple-system, BlinkMacSystemFont, helvetica, &quot;Apple SD Gothic Neo&quot;, sans-serif; font-size: 15px; letter-spacing: -0.3px; background-color: rgb(255, 255, 255); display: block;\"><span class=\"zPfVt\" style=\"white-space-collapse: preserve-breaks; word-break: break-all;\">테이블링 토요일 240번 예약되었고, 5시 넘어서 입장할 수 있었습니다.\r\n\r\n버크셔K가 확실히 육즙과 풍미가 더 살아있어서 고민이시라면 버크셔K 드세요.\r\n먹는방법이 여러가지(소금, 와사비, 소스 등)입니다.\r\n\r\n한 가지 방법만으로 먹으면 느끼해질 수 있으니 다양한 방법으로 먹으면 식사가 끝날 때까지 다채로운 맛으로 즐길 수 있습니다.\r\n⠀⠀⠀\r\n다음에 부산 또 놀러오면, 한 번 더 도전해보고 싶은 맛입니다.</span></a>','C:/smart505/bmn_project_setting/src/main/resources/static/images/2023-07-13/9943601234600.jpg','2023-07-13',5,'N'),(77,36,'EZ2',596,'돈쇼우','서울에서 부산까지 돈쇼먹으러 재방문 쌉가능!!','<a href=\"https://pcmap.place.naver.com/restaurant/1374328442/review/visitor#\" target=\"_self\" role=\"button\" aria-expanded=\"true\" class=\"xHaT3\" style=\"text-decoration-line: none; -webkit-tap-highlight-color: rgba(0, 0, 0, 0.1); cursor: pointer; font-family: -apple-system, BlinkMacSystemFont, helvetica, &quot;Apple SD Gothic Neo&quot;, sans-serif; font-size: 15px; letter-spacing: -0.3px; background-color: rgb(255, 255, 255); display: block;\"><span class=\"zPfVt\" style=\"white-space-collapse: preserve-breaks; word-break: break-all;\">7/1 토요일 기준 10시에 테이블링 열리자마자 예약했는데도 200번 정도에 예약됐어요. 11시30분 오픈인데, 저희는 오후 6시에 먹었습니다. 한 입 먹자마자 기다렸던 시간이 소중해졌네요. 테이블링이 되는 것에 감사할 따름이었습니다. 정말 맛있게 잘 먹었습니다. 누군가가 톤쇼우 예약 성공했다고 바로 부산 가자고 하면 당일치기 쌉가능입니다. 진짜로..;; (서울 삼)</span></a>','C:/smart505/bmn_project_setting/src/main/resources/static/images/2023-07-13/10033346499800.jpg','2023-07-13',5,'N'),(78,36,'EZ2',601,'하야시','서비스는 불만족 but 맛은 있네여;;','<a href=\"https://pcmap.place.naver.com/restaurant/1207135132/review/visitor?entry=pll&amp;from=map&amp;fromPanelNum=1&amp;ts=1689185060791#\" target=\"_self\" role=\"button\" aria-expanded=\"true\" class=\"xHaT3\" style=\"text-decoration-line: none; -webkit-tap-highlight-color: rgba(0, 0, 0, 0.1); cursor: pointer; font-family: -apple-system, BlinkMacSystemFont, helvetica, &quot;Apple SD Gothic Neo&quot;, sans-serif; font-size: 15px; letter-spacing: -0.3px; background-color: rgb(255, 255, 255); display: block;\"><span class=\"zPfVt\" style=\"white-space-collapse: preserve-breaks; word-break: break-all;\">솔직히 음식은 나무랄데가 없었어요\r\n정말 일본와서 먹는 느낌에 돈카츠 두툼해서 좋았습니다\r\n\r\n특히 소스카츠동 밥과 돈까스 조화가 아주 좋더라고요\r\n\r\n하지만 이 집의 치명적인 단점은 직원교육이 안되어보였습니다 ㅜ\r\n\r\n로스카츠 주실때 덩그러니 밥이랑 돈카츠만 주시길래 아무리봐도 이상해서 장국이나 다른거 나오는거 없냐니 그제서야 느릿느릿 갖다주네요. 물론 실수할 수 있는데 사과한마디가 어려운가요..?\r\n다 좋은데 그런데서 가게의 인상이 팍 나빠지더라구요.\r\n주말에 일하시는 안경쓰고 덩치 큰 직원분 초보신건지 모르겠지만… 직원교육이 정말 필요해보였습니다.</span></a>','C:/smart505/bmn_project_setting/src/main/resources/static/images/2023-07-13/10167964275200.jpg','2023-07-13',3.5,'N'),(79,22,'bae3',602,'갓포신','기분좋게 대접받는 느낌이에여 ^^','<a href=\"https://pcmap.place.naver.com/restaurant/1057725453/review/visitor?from=map&amp;fromPanelNum=2&amp;ts=1689185195708#\" target=\"_self\" role=\"button\" aria-expanded=\"true\" class=\"xHaT3\" style=\"text-decoration-line: none; -webkit-tap-highlight-color: rgba(0, 0, 0, 0.1); cursor: pointer; font-family: -apple-system, BlinkMacSystemFont, helvetica, &quot;Apple SD Gothic Neo&quot;, sans-serif; font-size: 15px; letter-spacing: -0.3px; background-color: rgb(255, 255, 255); display: block;\"><span class=\"zPfVt\" style=\"white-space-collapse: preserve-breaks; word-break: break-all;\">남편이랑 오랜만에 남포동데이트\r\n미리예약한 남포동오마카세 갓포신\r\n애피타이저부터 전체요리, 회, 스시, 후식까지\r\n코스별로 정말 잘나왔고\r\n기분좋게 대접받고 가는 느낌\r\n분위기도 맛도 만족스러웠음!!!</span></a>','C:/smart505/bmn_project_setting/src/main/resources/static/images/2023-07-13/10327568798400.jpg','2023-07-13',4.5,'N'),(80,22,'bae3',602,'갓포신','무적권 추천@@','<a href=\"https://pcmap.place.naver.com/restaurant/1057725453/review/visitor?from=map&amp;fromPanelNum=2&amp;ts=1689185195708#\" target=\"_self\" role=\"button\" aria-expanded=\"true\" class=\"xHaT3\" style=\"text-decoration-line: none; -webkit-tap-highlight-color: rgba(0, 0, 0, 0.1); cursor: pointer; font-family: -apple-system, BlinkMacSystemFont, helvetica, &quot;Apple SD Gothic Neo&quot;, sans-serif; font-size: 15px; letter-spacing: -0.3px; white-space-collapse: preserve-breaks; background-color: rgb(255, 255, 255); display: block;\"><span class=\"zPfVt\" style=\"word-break: break-all;\">남포동오마카세 하면 갓포신\r\n횟감이 신선하고 음식이 모두 맛있어요.\r\n합리적인 가격애 퀄리티 높은 맛과 서비스?\r\n지인들에게 추천해주면 무적권 성공적!</span></a>','C:/smart505/bmn_project_setting/src/main/resources/static/images/2023-07-13/10745174900600.jpg','2023-07-13',5,'N'),(81,42,'par1',592,'Funky clover','우리 동네 최고 맛집','언제나 먹어도 질리지 않고 맛있게 먹고 있어요','C:/smart505/bmn_project_setting/src/main/resources/static/images/2023-07-13/1844653373598900.jpg','2023-07-13',5,'N'),(82,42,'par1',594,'스테레오타입 오브 부산','너무 느끼 했어요','자주 먹는데 이번에는 이상하게 오일 떄문인지 느끼했어요','C:/smart505/bmn_project_setting/src/main/resources/static/images/2023-07-13/1845026821152600.jpg','2023-07-13',3,'N'),(83,42,'par1',594,'스테레오타입 오브 부산','언제나......','<p>실망 시키지 않아요 제 취향 이에요 맛이며 가계 분위기 이며</p><p>맛있어요</p>','C:/smart505/bmn_project_setting/src/main/resources/static/images/2023-07-13/1845134853742200.jpg','2023-07-13',5,'N'),(84,42,'par1',594,'스테레오타입 오브 부산','언제나......','<p>실망 시키지 않아요 제 취향 이에요 맛이며 가계 분위기 이며</p><p>맛있어요</p>','C:/smart505/bmn_project_setting/src/main/resources/static/images/2023-07-13/1845134861970600.jpg','2023-07-13',5,'N'),(85,42,'par1',594,'스테레오타입 오브 부산','이런 분들께 좋아요','<p>가격도 나쁘지 않고 소개팅 장소로 좋아요&nbsp;</p><p>추천 드립니다. 근데 사람의 따라 느끼 할수 있어요</p><p><br></p><p>그리고 저는 소개팅 망해서.........</p>','C:/smart505/bmn_project_setting/src/main/resources/static/images/2023-07-13/1845310911274100.jpg','2023-07-13',1.5,'N'),(86,42,'par1',593,'스테디어','맛이 없을수 없는 맛!!!','<p>삼겹살 이라는 부위는 언제나 옳아요!!!</p><p>맛있어요 재 방문 할 의향 있어요!! ㅎㅎ</p>','C:/smart505/bmn_project_setting/src/main/resources/static/images/2023-07-13/1845529261116700.jpg','2023-07-13',4,'N'),(87,42,'par1',593,'스테디어','고수도 싫어하는데....','향신료 향이 너무 강해요..... ㅠ.ㅠ','C:/smart505/bmn_project_setting/src/main/resources/static/images/2023-07-13/1845576751817100.jpg','2023-07-13',1.5,'N'),(88,43,'par2',591,'해쉬','맛있어요','한끼 기분 좋게 해결 했습니다.','C:/smart505/bmn_project_setting/src/main/resources/static/images/2023-07-13/1845909910679400.jpg','2023-07-13',5,'N'),(89,43,'par2',591,'해쉬','베이컨 이건 양이...','<p>너무 많아서 좋았어요&nbsp;</p><p>ㅎㅎ</p><p><br></p><p>맛있게 먹었어요</p>','C:/smart505/bmn_project_setting/src/main/resources/static/images/2023-07-13/1845991945052500.jpg','2023-07-13',5,'N'),(90,43,'par2',595,'프맄','분위기는 좋았지만','<p>뭐 이런 곳에서 양을 따지는 것은 아니지만 그래도&nbsp;</p><p>너무 적은 느낌이 드네요 ㅠㅠ</p>','C:/smart505/bmn_project_setting/src/main/resources/static/images/2023-07-13/1846289285548100.jpg','2023-07-13',3.5,'N'),(91,43,'par2',595,'프맄','너무 맛있게 먹었어요','<p>제 최애 명란 파스타 정말 추천 드립니다.</p><p>명란 파스타 맛집!!!</p>','C:/smart505/bmn_project_setting/src/main/resources/static/images/2023-07-13/1846348463419700.jpg','2023-07-13',5,'N'),(92,45,'parF',594,'스테레오타입 오브 부산','맛있게 잘먹고 갑니다.','오늘도 소중한 한끼 감사합니다.','C:/smart505/bmn_project_setting/src/main/resources/static/images/2023-07-13/1846881422565800.jpg','2023-07-13',5,'N'),(93,41,'sim2',588,'태종대 욜로조개구이','조개 신선해요','식중독 걱정 없어요 !!','C:/smart505/bmn_project_setting/src/main/resources/static/images/2023-07-13/19746035129400.jpg','2023-07-13',3,'N'),(94,41,'sim2',591,'해쉬','양이 많아요~','<span style=\"font-size: 12pt;\"><u>두명이서 먹었는데 다 못먹을뻔 했어요ㅋㅋ</u></span>','C:/smart505/bmn_project_setting/src/main/resources/static/images/2023-07-13/19895534979200.jpg','2023-07-13',4,'N'),(95,41,'sim2',585,'정을담다','맛에 비해 좀 비싼거 같아요','<span style=\"color: rgb(0, 0, 0); font-size: 24pt;\">﻿그래도 양은 많아요~</span><br>','C:/smart505/bmn_project_setting/src/main/resources/static/images/2023-07-13/20041866456200.jpg','2023-07-13',3.5,'N'),(96,41,'sim2',599,'개화','소문 듣고','<p>여기 가게 주인분이 중국 분이시더라구요</p><p><br></p><p><span style=\"font-size: 24pt; color: rgb(255, 0, 0);\"><b>유니짜장 꼭 드세요!! 두번 드세요!!</b></span></p>','C:/smart505/bmn_project_setting/src/main/resources/static/images/2023-07-13/20171718442400.jpg','2023-07-13',5,'N'),(97,41,'sim2',586,'하가원 해운대점','콩국수 맛있어요','<p>별로 기대 안했는데</p><p>맛이 깊네요 굿~</p>','C:/smart505/bmn_project_setting/src/main/resources/static/images/2023-07-13/20260849891900.jpg','2023-07-13',3.5,'N'),(98,52,'닉네임',589,'명지 소고기집 박군네','리뷰 제목','<span style=\"font-size: 18pt; color: rgb(255, 0, 0);\"><b>리뷰 내용<br>ㅁㄴㅇ</b></span>','C:/smart505/bmn_project_setting/src/main/resources/static/images/2023-07-13/9714637397400.jpg','2023-07-13',4.5,'N'),(99,5,'tester',596,'돈쇼우','돈가스 맛있어요','<b><i><span style=\"font-family: 굴림, Gulim; font-size: 12pt;\">돈까스 좋아하세요</span></i></b>','C:/smart505/bmn_project_setting/src/main/resources/static/images/2023-08-31/186164619660800.jpg','2023-08-31',4.5,'N'),(100,53,'이지징123',596,'돈쇼우','adsf','클린한 리뷰 부탁드립니다~asdfasdfasdf','C:/smart505/bmn_project_setting/src/main/resources/static/images/2023-08-31/190552426559100.jpg','2023-08-31',5,'N');
/*!40000 ALTER TABLE `review_tp` ENABLE KEYS */;
UNLOCK TABLES;
/*!40103 SET TIME_ZONE=@OLD_TIME_ZONE */;

/*!40101 SET SQL_MODE=@OLD_SQL_MODE */;
/*!40014 SET FOREIGN_KEY_CHECKS=@OLD_FOREIGN_KEY_CHECKS */;
/*!40014 SET UNIQUE_CHECKS=@OLD_UNIQUE_CHECKS */;
/*!40101 SET CHARACTER_SET_CLIENT=@OLD_CHARACTER_SET_CLIENT */;
/*!40101 SET CHARACTER_SET_RESULTS=@OLD_CHARACTER_SET_RESULTS */;
/*!40101 SET COLLATION_CONNECTION=@OLD_COLLATION_CONNECTION */;
/*!40111 SET SQL_NOTES=@OLD_SQL_NOTES */;

-- Dump completed on 2023-08-31 13:38:41
